"Date","Time","Event Name","IP Address","Action","Host","URL","Response Code","Time to Load (ms)","Time to First Byte (ms)","Start Time (ms)","Bytes Out","Bytes In","Object Size","Cookie Size (out)","Cookie Count(out)","Expires","Cache Control","Content Type","Content Encoding","Transaction Type","Socket ID","Document ID","End Time (ms)","Descriptor","Lab ID","Dialer ID","Connection Type","Cached","Event URL","Pagetest Build","Measurement Type","Experimental","Event GUID","Sequence Number","Cache Score","Static CDN Score","GZIP Score","Cookie Score","Keep-Alive Score","DOCTYPE Score","Minify Score","Combine Score","Compression Score","ETag Score","Flagged","Secure","DNS Time","Connect Time","SSL Time","Gzip Total Bytes","Gzip Savings","Minify Total Bytes","Minify Savings","Image Total Bytes","Image Savings","Cache Time (sec)","Real Start Time (ms)","Full Time to Load (ms)","Optimization Checked","CDN Provider","DNS Start","DNS End","Connect Start","Connect End","SSL Negotiation Start","SSL Negotiation End","Initiator","Initiator Line","Initiator Column","Server Count","Server RTT","Run","Cached"
"07/25/2016","18:19:05","Step 1","93.184.220.29","POST","ocsp.digicert.com","/","200","316","316","2","444","788","471","","","Mon, 01 Aug 2016 06:19:00 GMT","max-age=515182","application/ocsp-response","","3","17","","318","","","","","","","","","","","1","50","-1","-1","-1","100","-1","-1","-1","-1","-1","0","0","-1","-1","-1","0","0","0","0","0","0","561600","","","1","Edgecast","0","0","0","0","0","0","","","","1","313","1","0",
"07/25/2016","18:19:05","Step 1","93.184.220.29","POST","ocsp.digicert.com","/","200","315","315","244","444","788","471","","","Mon, 01 Aug 2016 06:19:00 GMT","max-age=507119","application/ocsp-response","","3","19","","559","","","","","","","","","","","2","50","-1","-1","-1","100","-1","-1","-1","-1","-1","0","0","-1","-1","-1","0","0","0","0","0","0","561600","","","1","Edgecast","0","0","0","0","0","0","","","","1","313","1","0",
"07/25/2016","18:19:05","Step 1","54.191.85.92","GET","search.services.mozilla.com","/1/firefox/47.0/release/en-US/DE/default/default","200","469","469","319","393","302","169","","","","","application/json","","3","31","","788","","","","","","","","","","","3","0","-1","-1","-1","100","-1","-1","-1","-1","-1","0","1","-1","-1","-1","0","0","0","0","0","0","0","","","1","","0","0","0","0","0","0","","","","3","463","1","0",
"07/25/2016","18:19:05","Step 1","193.174.13.86","POST","ocsp.pca.dfn.de","/OCSP-Server/OCSP","200","346","345","1611","449","1894","1498","","","Thu, 04 Aug 2016 18:19:02 GMT","max-age=864000, public, no-transform, must-revalidate","application/ocsp-response","","3","57","","1957","","","","","","","","","","","4","100","-1","-1","-1","100","-1","-1","-1","-1","-1","0","0","-1","-1","-1","0","0","0","0","0","0","864000","","","1","","974","1290","1290","1611","0","0","","","","1","320","1","0",
"07/25/2016","18:19:05","Step 1","193.174.13.86","POST","ocsp.pca.dfn.de","/OCSP-Server/OCSP","200","350","348","1614","449","1894","1498","","","Thu, 04 Aug 2016 18:19:02 GMT","max-age=864000, public, no-transform, must-revalidate","application/ocsp-response","","3","58","","1964","","","","","","","","","","","5","100","-1","-1","-1","100","-1","-1","-1","-1","-1","0","0","-1","-1","-1","0","0","0","0","0","0","864000","","","1","","0","0","1291","1614","0","0","","","","1","320","1","0",
"07/25/2016","18:19:05","Step 1","141.62.110.42","GET","im-im2.hdm-stuttgart.de","/dozenten.html","200","331","320","1960","172","7083","6930","","","Mon, 25 Jul 2016 19:19:02 GMT","max-age=3600","text/html","gzip","3","53","","2291","","","","","","","","","","","6","50","-1","100","-1","100","-1","-1","-1","-1","-1","0","1","-1","-1","-1","0","0","0","0","0","0","3600","","","1","","0","313","314","627","627","1281","","","","1","313","1","0",
"07/25/2016","18:19:05","Step 1","141.62.110.42","GET","im-im2.hdm-stuttgart.de","/css/style.css","200","317","316","2338","74","1643","1538","","","Tue, 25 Jul 2017 18:19:02 GMT","max-age=31536000","text/css","gzip","3","53","","2655","","","","","","","","","","","7","100","0","100","-1","100","-1","-1","-1","-1","-1","0","1","-1","-1","-1","0","0","0","0","0","0","31536000","","","1","","0","0","0","0","0","0","","","","1","313","1","0",
"07/25/2016","18:19:05","Step 1","141.62.110.42","GET","im-im2.hdm-stuttgart.de","/css/http1/stylehttp1.css","200","327","321","2338","32","4248","4186","","","Tue, 25 Jul 2017 18:19:02 GMT","max-age=31536000","text/css","gzip","3","53","","2665","","","","","","","","","","","8","100","0","100","-1","100","-1","-1","-1","-1","-1","0","1","-1","-1","-1","0","0","0","0","0","0","31536000","","","1","","0","0","0","0","0","0","","","","1","313","1","0",
"07/25/2016","18:19:05","Step 1","141.62.110.42","GET","im-im2.hdm-stuttgart.de","/css/http1/bootstrap.css","200","654","328","2339","32","21300","21237","","","Tue, 25 Jul 2017 18:19:02 GMT","max-age=31536000","text/css","gzip","3","53","","2993","","","","","","","","","","","9","100","0","100","-1","100","-1","-1","-1","-1","-1","0","1","-1","-1","-1","0","0","0","0","0","0","31536000","","","1","","0","0","0","0","0","0","","","","1","313","1","0",
"07/25/2016","18:19:05","Step 1","141.62.110.42","GET","im-im2.hdm-stuttgart.de","/uploads/logos/logo-hdm.png","200","643","328","2339","40","703","605","","","Wed, 24 Aug 2016 18:19:02 GMT","max-age=2592000","image/png","","3","53","","2982","","","","","","","","","","","10","100","0","-1","-1","100","-1","-1","-1","-1","-1","0","1","-1","-1","-1","0","0","0","0","0","0","2592000","","","1","","0","0","0","0","0","0","","","","1","313","1","0",
"07/25/2016","18:19:05","Step 1","141.62.110.42","GET","im-im2.hdm-stuttgart.de","/uploads/sponsoren/united-internet.png","200","678","327","2340","42","9948","9892","","","Wed, 24 Aug 2016 18:19:02 GMT","max-age=2592000","image/png","","3","53","","3018","","","","","","","","","","","11","100","0","-1","-1","100","-1","-1","-1","-1","-1","0","1","-1","-1","-1","0","0","0","0","0","0","2592000","","","1","","0","0","0","0","0","0","","","","1","313","1","0",
"07/25/2016","18:19:05","Step 1","141.62.110.42","GET","im-im2.hdm-stuttgart.de","/uploads/sponsoren/dmc.png","200","678","327","2340","34","2261","2206","","","Wed, 24 Aug 2016 18:19:02 GMT","max-age=2592000","image/png","","3","53","","3018","","","","","","","","","","","12","100","0","-1","-1","100","-1","-1","-1","-1","-1","0","1","-1","-1","-1","0","0","0","0","0","0","2592000","","","1","","0","0","0","0","0","0","","","","1","313","1","0",
"07/25/2016","18:19:05","Step 1","141.62.110.42","GET","im-im2.hdm-stuttgart.de","/uploads/sponsoren/burda.png","200","688","328","2340","35","3939","3884","","","Wed, 24 Aug 2016 18:19:02 GMT","max-age=2592000","image/png","","3","53","","3028","","","","","","","","","","","13","100","0","-1","-1","100","-1","-1","-1","-1","-1","0","1","-1","-1","-1","0","0","0","0","0","0","2592000","","","1","","0","0","0","0","0","0","","","","1","313","1","0",
"07/25/2016","18:19:05","Step 1","141.62.110.42","GET","im-im2.hdm-stuttgart.de","/uploads/sponsoren/vitra.png","200","1025","1024","2341","35","3483","3428","","","Wed, 24 Aug 2016 18:19:02 GMT","max-age=2592000","image/png","","3","53","","3366","","","","","","","","","","","14","100","0","-1","-1","100","-1","-1","-1","-1","-1","0","1","-1","-1","-1","0","0","0","0","0","0","2592000","","","1","","0","0","0","0","0","0","","","","1","313","1","0",
"07/25/2016","18:19:05","Step 1","141.62.110.42","GET","im-im2.hdm-stuttgart.de","/uploads/sponsoren/ravensburger.png","200","1026","1025","2341","40","2867","2812","","","Wed, 24 Aug 2016 18:19:02 GMT","max-age=2592000","image/png","","3","53","","3367","","","","","","","","","","","15","100","0","-1","-1","100","-1","-1","-1","-1","-1","0","1","-1","-1","-1","0","0","0","0","0","0","2592000","","","1","","0","0","0","0","0","0","","","","1","313","1","0",
"07/25/2016","18:19:05","Step 1","141.62.110.42","GET","im-im2.hdm-stuttgart.de","/uploads/sponsoren/kresse-discher.png","200","1025","1024","2342","41","2362","2330","","","Wed, 24 Aug 2016 18:19:02 GMT","max-age=2592000","image/png","","3","53","","3367","","","","","","","","","","","16","100","0","-1","-1","100","-1","-1","-1","-1","-1","0","1","-1","-1","-1","0","0","0","0","0","0","2592000","","","1","","0","0","0","0","0","0","","","","1","313","1","0",
"07/25/2016","18:19:05","Step 1","141.62.110.42","GET","im-im2.hdm-stuttgart.de","/js/jquery.min.js","200","982","686","2342","28","29982","29902","","","Tue, 25 Jul 2017 18:19:02 GMT","max-age=31536000","application/javascript","gzip","3","53","","3324","","","","","","","","","","","17","100","0","100","-1","100","-1","-1","-1","-1","-1","0","1","-1","-1","-1","0","0","0","0","0","0","31536000","","","1","","0","0","0","0","0","0","","","","1","313","1","0",
"07/25/2016","18:19:05","Step 1","141.62.110.42","GET","im-im2.hdm-stuttgart.de","/js/http1/bootstrap.min.js","200","1023","1023","2343","34","9826","9765","","","Tue, 25 Jul 2017 18:19:02 GMT","max-age=31536000","application/javascript","gzip","3","53","","3366","","","","","","","","","","","18","100","0","100","-1","100","-1","-1","-1","-1","-1","0","1","-1","-1","-1","0","0","0","0","0","0","31536000","","","1","","0","0","0","0","0","0","","","","1","313","1","0",
"07/25/2016","18:19:05","Step 1","141.62.110.42","GET","im-im2.hdm-stuttgart.de","/uploads/professoren/team-hover.jpg","200","1064","348","3019","81","165606","165493","","","Wed, 24 Aug 2016 18:19:03 GMT","max-age=2592000","image/jpeg","","3","53","","4083","","","","","","","","","","","19","100","0","-1","-1","100","-1","-1","-1","60","-1","0","1","-1","-1","-1","0","0","0","0","165493","65785","2592000","","","1","","0","0","0","0","0","0","","","","1","313","1","0",
"07/25/2016","18:19:05","Step 1","141.62.110.42","GET","im-im2.hdm-stuttgart.de","/fonts/Amsdam.ttf","200","1518","1011","3074","78","197067","196992","","","Wed, 24 Aug 2016 18:19:03 GMT","max-age=2592000","application/x-font-ttf","","3","53","","4592","","","","","","","","","","","20","100","-1","-1","-1","100","-1","-1","-1","-1","-1","0","1","-1","-1","-1","0","0","0","0","0","0","2592000","","","1","","0","0","0","0","0","0","","","","1","313","1","0",
"07/25/2016","18:19:05","Step 1","141.62.110.42","GET","im-im2.hdm-stuttgart.de","/fonts/HdMFrutigerNextPro-Light.woff","200","1519","1517","3075","50","45650","45576","","","Wed, 24 Aug 2016 18:19:03 GMT","max-age=2592000","application/x-font-woff","","3","53","","4594","","","","","","","","","","","21","100","-1","-1","-1","100","-1","-1","-1","-1","-1","0","1","-1","-1","-1","0","0","0","0","0","0","2592000","","","1","","0","0","0","0","0","0","","","","1","313","1","0",
"07/25/2016","18:19:05","Step 1","141.62.110.42","GET","im-im2.hdm-stuttgart.de","/favicon.ico","200","314","314","4627","23","440","318","","","Mon, 01 Aug 2016 18:19:05 GMT","max-age=604800","image/x-icon","","3","53","","4941","","","","","","","","","","","22","100","0","-1","-1","100","-1","-1","-1","-1","-1","0","1","-1","-1","-1","0","0","0","0","0","0","604800","","","1","","0","0","0","0","0","0","","","","1","313","1","0",
"07/25/2016","18:19:27","Step 1","93.184.220.29","POST","ocsp.digicert.com","/","200","315","315","40","444","788","471","","","Mon, 01 Aug 2016 06:19:23 GMT","max-age=505249","application/ocsp-response","","3","17","","355","","","","","","","","","","","1","50","-1","-1","-1","100","-1","-1","-1","-1","-1","0","0","-1","-1","-1","0","0","0","0","0","0","561600","","","1","Edgecast","0","0","0","0","0","0","","","","1","309","2","0",
"07/25/2016","18:19:27","Step 1","93.184.220.29","POST","ocsp.digicert.com","/","200","313","313","263","444","788","471","","","Mon, 01 Aug 2016 06:19:23 GMT","max-age=515182","application/ocsp-response","","3","19","","576","","","","","","","","","","","2","50","-1","-1","-1","100","-1","-1","-1","-1","-1","0","0","-1","-1","-1","0","0","0","0","0","0","561600","","","1","Edgecast","0","0","0","0","0","0","","","","1","309","2","0",
"07/25/2016","18:19:27","Step 1","54.69.136.250","GET","search.services.mozilla.com","/1/firefox/47.0/release/en-US/DE/default/default","200","485","485","357","393","302","169","","","","","application/json","","3","31","","842","","","","","","","","","","","3","0","-1","-1","-1","100","-1","-1","-1","-1","-1","0","1","-1","-1","-1","0","0","0","0","0","0","0","","","1","","0","0","0","0","0","0","","","","3","465","2","0",
"07/25/2016","18:19:27","Step 1","193.174.13.86","POST","ocsp.pca.dfn.de","/OCSP-Server/OCSP","200","348","347","1596","449","1894","1498","","","Thu, 04 Aug 2016 18:19:24 GMT","max-age=864000, public, no-transform, must-revalidate","application/ocsp-response","","3","58","","1944","","","","","","","","","","","4","100","-1","-1","-1","100","-1","-1","-1","-1","-1","0","0","-1","-1","-1","0","0","0","0","0","0","864000","","","1","","962","1271","1272","1595","0","0","","","","1","321","2","0",
"07/25/2016","18:19:27","Step 1","193.174.13.86","POST","ocsp.pca.dfn.de","/OCSP-Server/OCSP","200","357","356","1596","449","1894","1498","","","Thu, 04 Aug 2016 18:19:24 GMT","max-age=864000, public, no-transform, must-revalidate","application/ocsp-response","","3","57","","1953","","","","","","","","","","","5","100","-1","-1","-1","100","-1","-1","-1","-1","-1","0","0","-1","-1","-1","0","0","0","0","0","0","864000","","","1","","0","0","1271","1595","0","0","","","","1","321","2","0",
"07/25/2016","18:19:27","Step 1","141.62.110.42","GET","im-im2.hdm-stuttgart.de","/dozenten.html","200","333","321","1946","172","7083","6930","","","Mon, 25 Jul 2016 19:19:24 GMT","max-age=3600","text/html","gzip","3","53","","2279","","","","","","","","","","","6","50","-1","100","-1","100","-1","-1","-1","-1","-1","0","1","-1","-1","-1","0","0","0","0","0","0","3600","","","1","","0","308","308","622","622","1276","","","","1","313","2","0",
"07/25/2016","18:19:27","Step 1","141.62.110.42","GET","im-im2.hdm-stuttgart.de","/css/style.css","200","321","318","2299","74","1666","1538","","","Tue, 25 Jul 2017 18:19:25 GMT","max-age=31536000","text/css","gzip","3","53","","2620","","","","","","","","","","","7","100","0","100","-1","100","-1","-1","-1","-1","-1","0","1","-1","-1","-1","0","0","0","0","0","0","31536000","","","1","","0","0","0","0","0","0","","","","1","313","2","0",
"07/25/2016","18:19:27","Step 1","141.62.110.42","GET","im-im2.hdm-stuttgart.de","/css/http1/stylehttp1.css","200","327","318","2299","32","4248","4186","","","Tue, 25 Jul 2017 18:19:25 GMT","max-age=31536000","text/css","gzip","3","53","","2626","","","","","","","","","","","8","100","0","100","-1","100","-1","-1","-1","-1","-1","0","1","-1","-1","-1","0","0","0","0","0","0","31536000","","","1","","0","0","0","0","0","0","","","","1","313","2","0",
"07/25/2016","18:19:27","Step 1","141.62.110.42","GET","im-im2.hdm-stuttgart.de","/css/http1/bootstrap.css","200","656","330","2299","32","21300","21237","","","Tue, 25 Jul 2017 18:19:25 GMT","max-age=31536000","text/css","gzip","3","53","","2955","","","","","","","","","","","9","100","0","100","-1","100","-1","-1","-1","-1","-1","0","1","-1","-1","-1","0","0","0","0","0","0","31536000","","","1","","0","0","0","0","0","0","","","","1","313","2","0",
"07/25/2016","18:19:27","Step 1","141.62.110.42","GET","im-im2.hdm-stuttgart.de","/uploads/logos/logo-hdm.png","200","665","665","2299","40","703","605","","","Wed, 24 Aug 2016 18:19:25 GMT","max-age=2592000","image/png","","3","53","","2964","","","","","","","","","","","10","100","0","-1","-1","100","-1","-1","-1","-1","-1","0","1","-1","-1","-1","0","0","0","0","0","0","2592000","","","1","","0","0","0","0","0","0","","","","1","313","2","0",
"07/25/2016","18:19:27","Step 1","141.62.110.42","GET","im-im2.hdm-stuttgart.de","/uploads/sponsoren/united-internet.png","200","707","651","2313","42","9948","9892","","","Wed, 24 Aug 2016 18:19:25 GMT","max-age=2592000","image/png","","3","53","","3020","","","","","","","","","","","11","100","0","-1","-1","100","-1","-1","-1","-1","-1","0","1","-1","-1","-1","0","0","0","0","0","0","2592000","","","1","","0","0","0","0","0","0","","","","1","313","2","0",
"07/25/2016","18:19:27","Step 1","141.62.110.42","GET","im-im2.hdm-stuttgart.de","/uploads/sponsoren/dmc.png","200","707","707","2313","34","2261","2206","","","Wed, 24 Aug 2016 18:19:25 GMT","max-age=2592000","image/png","","3","53","","3020","","","","","","","","","","","12","100","0","-1","-1","100","-1","-1","-1","-1","-1","0","1","-1","-1","-1","0","0","0","0","0","0","2592000","","","1","","0","0","0","0","0","0","","","","1","313","2","0",
"07/25/2016","18:19:27","Step 1","141.62.110.42","GET","im-im2.hdm-stuttgart.de","/uploads/sponsoren/burda.png","200","707","707","2313","35","3939","3884","","","Wed, 24 Aug 2016 18:19:25 GMT","max-age=2592000","image/png","","3","53","","3020","","","","","","","","","","","13","100","0","-1","-1","100","-1","-1","-1","-1","-1","0","1","-1","-1","-1","0","0","0","0","0","0","2592000","","","1","","0","0","0","0","0","0","","","","1","313","2","0",
"07/25/2016","18:19:27","Step 1","141.62.110.42","GET","im-im2.hdm-stuttgart.de","/uploads/sponsoren/vitra.png","200","708","707","2313","35","3483","3428","","","Wed, 24 Aug 2016 18:19:25 GMT","max-age=2592000","image/png","","3","53","","3021","","","","","","","","","","","14","100","0","-1","-1","100","-1","-1","-1","-1","-1","0","1","-1","-1","-1","0","0","0","0","0","0","2592000","","","1","","0","0","0","0","0","0","","","","1","313","2","0",
"07/25/2016","18:19:27","Step 1","141.62.110.42","GET","im-im2.hdm-stuttgart.de","/uploads/sponsoren/ravensburger.png","200","708","708","2313","40","2867","2812","","","Wed, 24 Aug 2016 18:19:25 GMT","max-age=2592000","image/png","","3","53","","3021","","","","","","","","","","","15","100","0","-1","-1","100","-1","-1","-1","-1","-1","0","1","-1","-1","-1","0","0","0","0","0","0","2592000","","","1","","0","0","0","0","0","0","","","","1","313","2","0",
"07/25/2016","18:19:27","Step 1","141.62.110.42","GET","im-im2.hdm-stuttgart.de","/uploads/sponsoren/kresse-discher.png","200","1014","1013","2313","41","2362","2330","","","Wed, 24 Aug 2016 18:19:25 GMT","max-age=2592000","image/png","","3","53","","3327","","","","","","","","","","","16","100","0","-1","-1","100","-1","-1","-1","-1","-1","0","1","-1","-1","-1","0","0","0","0","0","0","2592000","","","1","","0","0","0","0","0","0","","","","1","313","2","0",
"07/25/2016","18:19:27","Step 1","141.62.110.42","GET","im-im2.hdm-stuttgart.de","/js/jquery.min.js","200","994","708","2313","28","29982","29902","","","Tue, 25 Jul 2017 18:19:25 GMT","max-age=31536000","application/javascript","gzip","3","53","","3307","","","","","","","","","","","17","100","0","100","-1","100","-1","-1","-1","-1","-1","0","1","-1","-1","-1","0","0","0","0","0","0","31536000","","","1","","0","0","0","0","0","0","","","","1","313","2","0",
"07/25/2016","18:19:27","Step 1","141.62.110.42","GET","im-im2.hdm-stuttgart.de","/js/http1/bootstrap.min.js","200","1011","994","2314","34","9826","9765","","","Tue, 25 Jul 2017 18:19:25 GMT","max-age=31536000","application/javascript","gzip","3","53","","3325","","","","","","","","","","","18","100","0","100","-1","100","-1","-1","-1","-1","-1","0","1","-1","-1","-1","0","0","0","0","0","0","31536000","","","1","","0","0","0","0","0","0","","","","1","313","2","0",
"07/25/2016","18:19:27","Step 1","141.62.110.42","GET","im-im2.hdm-stuttgart.de","/uploads/professoren/team-hover.jpg","200","1036","318","3022","81","165606","165493","","","Wed, 24 Aug 2016 18:19:26 GMT","max-age=2592000","image/jpeg","","3","53","","4058","","","","","","","","","","","19","100","0","-1","-1","100","-1","-1","-1","60","-1","0","1","-1","-1","-1","0","0","0","0","165493","65785","2592000","","","1","","0","0","0","0","0","0","","","","1","313","2","0",
"07/25/2016","18:19:27","Step 1","141.62.110.42","GET","im-im2.hdm-stuttgart.de","/fonts/Amsdam.ttf","200","1527","1038","3022","78","197067","196992","","","Wed, 24 Aug 2016 18:19:26 GMT","max-age=2592000","application/x-font-ttf","","3","53","","4549","","","","","","","","","","","20","100","-1","-1","-1","100","-1","-1","-1","-1","-1","0","1","-1","-1","-1","0","0","0","0","0","0","2592000","","","1","","0","0","0","0","0","0","","","","1","313","2","0",
"07/25/2016","18:19:27","Step 1","141.62.110.42","GET","im-im2.hdm-stuttgart.de","/fonts/HdMFrutigerNextPro-Light.woff","200","1528","1526","3023","50","45650","45576","","","Wed, 24 Aug 2016 18:19:26 GMT","max-age=2592000","application/x-font-woff","","3","53","","4551","","","","","","","","","","","21","100","-1","-1","-1","100","-1","-1","-1","-1","-1","0","1","-1","-1","-1","0","0","0","0","0","0","2592000","","","1","","0","0","0","0","0","0","","","","1","313","2","0",
"07/25/2016","18:19:27","Step 1","141.62.110.42","GET","im-im2.hdm-stuttgart.de","/favicon.ico","200","316","315","4593","23","440","318","","","Mon, 01 Aug 2016 18:19:27 GMT","max-age=604800","image/x-icon","","3","53","","4909","","","","","","","","","","","22","100","0","-1","-1","100","-1","-1","-1","-1","-1","0","1","-1","-1","-1","0","0","0","0","0","0","604800","","","1","","0","0","0","0","0","0","","","","1","313","2","0",
"07/25/2016","18:19:50","Step 1","93.184.220.29","POST","ocsp.digicert.com","/","200","315","315","23","444","788","471","","","Mon, 01 Aug 2016 06:19:45 GMT","max-age=509093","application/ocsp-response","","3","17","","338","","","","","","","","","","","1","50","-1","-1","-1","100","-1","-1","-1","-1","-1","0","0","-1","-1","-1","0","0","0","0","0","0","561600","","","1","Edgecast","0","0","0","0","0","0","","","","1","312","3","0",
"07/25/2016","18:19:50","Step 1","93.184.220.29","POST","ocsp.digicert.com","/","200","314","314","286","444","788","471","","","Mon, 01 Aug 2016 06:19:45 GMT","max-age=515182","application/ocsp-response","","3","19","","600","","","","","","","","","","","2","50","-1","-1","-1","100","-1","-1","-1","-1","-1","0","0","-1","-1","-1","0","0","0","0","0","0","561600","","","1","Edgecast","0","0","0","0","0","0","","","","1","312","3","0",
"07/25/2016","18:19:50","Step 1","54.149.54.54","GET","search.services.mozilla.com","/1/firefox/47.0/release/en-US/DE/default/default","200","488","488","340","393","302","169","","","","","application/json","","3","30","","828","","","","","","","","","","","3","0","-1","-1","-1","100","-1","-1","-1","-1","-1","0","1","-1","-1","-1","0","0","0","0","0","0","0","","","1","","0","0","0","0","0","0","","","","3","479","3","0",
"07/25/2016","18:19:50","Step 1","193.174.13.86","POST","ocsp.pca.dfn.de","/OCSP-Server/OCSP","200","334","333","1594","449","1893","1498","","","Thu, 04 Aug 2016 18:19:47 GMT","max-age=864000, public, no-transform, must-revalidate","application/ocsp-response","","3","56","","1928","","","","","","","","","","","4","100","-1","-1","-1","100","-1","-1","-1","-1","-1","0","0","-1","-1","-1","0","0","0","0","0","0","864000","","","1","","963","1271","1271","1594","0","0","","","","1","321","3","0",
"07/25/2016","18:19:50","Step 1","193.174.13.86","POST","ocsp.pca.dfn.de","/OCSP-Server/OCSP","200","351","350","1595","449","1894","1498","","","Thu, 04 Aug 2016 18:19:47 GMT","max-age=864000, public, no-transform, must-revalidate","application/ocsp-response","","3","57","","1946","","","","","","","","","","","5","100","-1","-1","-1","100","-1","-1","-1","-1","-1","0","0","-1","-1","-1","0","0","0","0","0","0","864000","","","1","","0","0","1271","1594","0","0","","","","1","321","3","0",
"07/25/2016","18:19:50","Step 1","141.62.110.42","GET","im-im2.hdm-stuttgart.de","/dozenten.html","200","340","322","1930","172","7083","6930","","","Mon, 25 Jul 2016 19:19:47 GMT","max-age=3600","text/html","gzip","3","52","","2270","","","","","","","","","","","6","50","-1","100","-1","100","-1","-1","-1","-1","-1","0","1","-1","-1","-1","0","0","0","0","0","0","3600","","","1","","0","310","310","623","623","1277","","","","1","312","3","0",
"07/25/2016","18:19:50","Step 1","141.62.110.42","GET","im-im2.hdm-stuttgart.de","/css/style.css","200","329","326","2313","74","1643","1538","","","Tue, 25 Jul 2017 18:19:47 GMT","max-age=31536000","text/css","gzip","3","52","","2642","","","","","","","","","","","7","100","0","100","-1","100","-1","-1","-1","-1","-1","0","1","-1","-1","-1","0","0","0","0","0","0","31536000","","","1","","0","0","0","0","0","0","","","","1","312","3","0",
"07/25/2016","18:19:50","Step 1","141.62.110.42","GET","im-im2.hdm-stuttgart.de","/css/http1/stylehttp1.css","200","337","326","2313","32","4248","4186","","","Tue, 25 Jul 2017 18:19:47 GMT","max-age=31536000","text/css","gzip","3","52","","2650","","","","","","","","","","","8","100","0","100","-1","100","-1","-1","-1","-1","-1","0","1","-1","-1","-1","0","0","0","0","0","0","31536000","","","1","","0","0","0","0","0","0","","","","1","312","3","0",
"07/25/2016","18:19:50","Step 1","141.62.110.42","GET","im-im2.hdm-stuttgart.de","/css/http1/bootstrap.css","200","660","325","2314","32","21300","21237","","","Tue, 25 Jul 2017 18:19:47 GMT","max-age=31536000","text/css","gzip","3","52","","2974","","","","","","","","","","","9","100","0","100","-1","100","-1","-1","-1","-1","-1","0","1","-1","-1","-1","0","0","0","0","0","0","31536000","","","1","","0","0","0","0","0","0","","","","1","312","3","0",
"07/25/2016","18:19:50","Step 1","141.62.110.42","GET","im-im2.hdm-stuttgart.de","/uploads/logos/logo-hdm.png","200","669","668","2314","40","703","605","","","Wed, 24 Aug 2016 18:19:47 GMT","max-age=2592000","image/png","","3","52","","2983","","","","","","","","","","","10","100","0","-1","-1","100","-1","-1","-1","-1","-1","0","1","-1","-1","-1","0","0","0","0","0","0","2592000","","","1","","0","0","0","0","0","0","","","","1","312","3","0",
"07/25/2016","18:19:50","Step 1","141.62.110.42","GET","im-im2.hdm-stuttgart.de","/uploads/sponsoren/united-internet.png","200","717","668","2314","42","9948","9892","","","Wed, 24 Aug 2016 18:19:47 GMT","max-age=2592000","image/png","","3","52","","3031","","","","","","","","","","","11","100","0","-1","-1","100","-1","-1","-1","-1","-1","0","1","-1","-1","-1","0","0","0","0","0","0","2592000","","","1","","0","0","0","0","0","0","","","","1","312","3","0",
"07/25/2016","18:19:50","Step 1","141.62.110.42","GET","im-im2.hdm-stuttgart.de","/uploads/sponsoren/dmc.png","200","716","668","2315","34","2261","2206","","","Wed, 24 Aug 2016 18:19:47 GMT","max-age=2592000","image/png","","3","52","","3031","","","","","","","","","","","12","100","0","-1","-1","100","-1","-1","-1","-1","-1","0","1","-1","-1","-1","0","0","0","0","0","0","2592000","","","1","","0","0","0","0","0","0","","","","1","312","3","0",
"07/25/2016","18:19:50","Step 1","141.62.110.42","GET","im-im2.hdm-stuttgart.de","/uploads/sponsoren/burda.png","200","729","668","2315","35","3939","3884","","","Wed, 24 Aug 2016 18:19:47 GMT","max-age=2592000","image/png","","3","52","","3044","","","","","","","","","","","13","100","0","-1","-1","100","-1","-1","-1","-1","-1","0","1","-1","-1","-1","0","0","0","0","0","0","2592000","","","1","","0","0","0","0","0","0","","","","1","312","3","0",
"07/25/2016","18:19:50","Step 1","141.62.110.42","GET","im-im2.hdm-stuttgart.de","/uploads/sponsoren/vitra.png","200","1030","1029","2316","35","3483","3428","","","Wed, 24 Aug 2016 18:19:47 GMT","max-age=2592000","image/png","","3","52","","3346","","","","","","","","","","","14","100","0","-1","-1","100","-1","-1","-1","-1","-1","0","1","-1","-1","-1","0","0","0","0","0","0","2592000","","","1","","0","0","0","0","0","0","","","","1","312","3","0",
"07/25/2016","18:19:50","Step 1","141.62.110.42","GET","im-im2.hdm-stuttgart.de","/uploads/sponsoren/ravensburger.png","200","1030","1029","2316","40","2867","2812","","","Wed, 24 Aug 2016 18:19:47 GMT","max-age=2592000","image/png","","3","52","","3346","","","","","","","","","","","15","100","0","-1","-1","100","-1","-1","-1","-1","-1","0","1","-1","-1","-1","0","0","0","0","0","0","2592000","","","1","","0","0","0","0","0","0","","","","1","312","3","0",
"07/25/2016","18:19:50","Step 1","141.62.110.42","GET","im-im2.hdm-stuttgart.de","/uploads/sponsoren/kresse-discher.png","200","1029","1028","2317","41","2362","2330","","","Wed, 24 Aug 2016 18:19:47 GMT","max-age=2592000","image/png","","3","52","","3346","","","","","","","","","","","16","100","0","-1","-1","100","-1","-1","-1","-1","-1","0","1","-1","-1","-1","0","0","0","0","0","0","2592000","","","1","","0","0","0","0","0","0","","","","1","312","3","0",
"07/25/2016","18:19:50","Step 1","141.62.110.42","GET","im-im2.hdm-stuttgart.de","/js/jquery.min.js","200","990","727","2317","28","29982","29902","","","Tue, 25 Jul 2017 18:19:47 GMT","max-age=31536000","application/javascript","gzip","3","52","","3307","","","","","","","","","","","17","100","0","100","-1","100","-1","-1","-1","-1","-1","0","1","-1","-1","-1","0","0","0","0","0","0","31536000","","","1","","0","0","0","0","0","0","","","","1","312","3","0",
"07/25/2016","18:19:50","Step 1","141.62.110.42","GET","im-im2.hdm-stuttgart.de","/js/http1/bootstrap.min.js","200","1029","1029","2317","34","9826","9765","","","Tue, 25 Jul 2017 18:19:47 GMT","max-age=31536000","application/javascript","gzip","3","52","","3346","","","","","","","","","","","18","100","0","100","-1","100","-1","-1","-1","-1","-1","0","1","-1","-1","-1","0","0","0","0","0","0","31536000","","","1","","0","0","0","0","0","0","","","","1","312","3","0",
"07/25/2016","18:19:50","Step 1","141.62.110.42","GET","im-im2.hdm-stuttgart.de","/uploads/professoren/team-hover.jpg","200","1013","317","3046","81","165606","165493","","","Wed, 24 Aug 2016 18:19:48 GMT","max-age=2592000","image/jpeg","","3","52","","4059","","","","","","","","","","","19","100","0","-1","-1","100","-1","-1","-1","60","-1","0","1","-1","-1","-1","0","0","0","0","165493","65785","2592000","","","1","","0","0","0","0","0","0","","","","1","312","3","0",
"07/25/2016","18:19:50","Step 1","141.62.110.42","GET","im-im2.hdm-stuttgart.de","/fonts/Amsdam.ttf","200","1554","1016","3046","78","197067","196992","","","Wed, 24 Aug 2016 18:19:48 GMT","max-age=2592000","application/x-font-ttf","","3","52","","4600","","","","","","","","","","","20","100","-1","-1","-1","100","-1","-1","-1","-1","-1","0","1","-1","-1","-1","0","0","0","0","0","0","2592000","","","1","","0","0","0","0","0","0","","","","1","312","3","0",
"07/25/2016","18:19:50","Step 1","141.62.110.42","GET","im-im2.hdm-stuttgart.de","/fonts/HdMFrutigerNextPro-Light.woff","200","1497","1016","3046","50","45650","45576","","","Wed, 24 Aug 2016 18:19:48 GMT","max-age=2592000","application/x-font-woff","","3","52","","4543","","","","","","","","","","","21","100","-1","-1","-1","100","-1","-1","-1","-1","-1","0","1","-1","-1","-1","0","0","0","0","0","0","2592000","","","1","","0","0","0","0","0","0","","","","1","312","3","0",
"07/25/2016","18:19:50","Step 1","141.62.110.42","GET","im-im2.hdm-stuttgart.de","/favicon.ico","200","314","314","4627","23","440","318","","","Mon, 01 Aug 2016 18:19:50 GMT","max-age=604800","image/x-icon","","3","52","","4941","","","","","","","","","","","22","100","0","-1","-1","100","-1","-1","-1","-1","-1","0","1","-1","-1","-1","0","0","0","0","0","0","604800","","","1","","0","0","0","0","0","0","","","","1","312","3","0",
"07/25/2016","18:20:12","Step 1","93.184.220.29","POST","ocsp.digicert.com","/","200","313","313","223","444","788","471","","","Mon, 01 Aug 2016 06:20:08 GMT","max-age=515182","application/ocsp-response","","3","21","","536","","","","","","","","","","","1","50","-1","-1","-1","100","-1","-1","-1","-1","-1","0","0","-1","-1","-1","0","0","0","0","0","0","561600","","","1","Edgecast","0","0","0","0","0","0","","","","1","309","4","0",
"07/25/2016","18:20:12","Step 1","93.184.220.29","POST","ocsp.digicert.com","/","200","313","313","443","444","788","471","","","Mon, 01 Aug 2016 06:20:08 GMT","max-age=515182","application/ocsp-response","","3","22","","756","","","","","","","","","","","2","50","-1","-1","-1","100","-1","-1","-1","-1","-1","0","0","-1","-1","-1","0","0","0","0","0","0","561600","","","1","Edgecast","0","0","0","0","0","0","","","","1","309","4","0",
"07/25/2016","18:20:12","Step 1","54.191.85.92","GET","search.services.mozilla.com","/1/firefox/47.0/release/en-US/DE/default/default","200","488","488","537","393","302","169","","","","","application/json","","3","31","","1025","","","","","","","","","","","3","0","-1","-1","-1","100","-1","-1","-1","-1","-1","0","1","-1","-1","-1","0","0","0","0","0","0","0","","","1","","0","0","0","0","0","0","","","","3","466","4","0",
"07/25/2016","18:20:12","Step 1","193.174.13.86","POST","ocsp.pca.dfn.de","/OCSP-Server/OCSP","200","331","330","1600","449","1893","1498","","","Thu, 04 Aug 2016 18:20:09 GMT","max-age=864000, public, no-transform, must-revalidate","application/ocsp-response","","3","57","","1931","","","","","","","","","","","4","100","-1","-1","-1","100","-1","-1","-1","-1","-1","0","0","-1","-1","-1","0","0","0","0","0","0","864000","","","1","","961","1278","1278","1600","0","0","","","","1","320","4","0",
"07/25/2016","18:20:12","Step 1","193.174.13.86","POST","ocsp.pca.dfn.de","/OCSP-Server/OCSP","200","353","352","1602","449","1894","1498","","","Thu, 04 Aug 2016 18:20:09 GMT","max-age=864000, public, no-transform, must-revalidate","application/ocsp-response","","3","58","","1955","","","","","","","","","","","5","100","-1","-1","-1","100","-1","-1","-1","-1","-1","0","0","-1","-1","-1","0","0","0","0","0","0","864000","","","1","","0","0","1278","1602","0","0","","","","1","320","4","0",
"07/25/2016","18:20:12","Step 1","141.62.110.42","GET","im-im2.hdm-stuttgart.de","/dozenten.html","200","338","321","1933","172","7083","6930","","","Mon, 25 Jul 2016 19:20:10 GMT","max-age=3600","text/html","gzip","3","53","","2271","","","","","","","","","","","6","50","-1","100","-1","100","-1","-1","-1","-1","-1","0","1","-1","-1","-1","0","0","0","0","0","0","3600","","","1","","0","308","308","622","622","1276","","","","1","313","4","0",
"07/25/2016","18:20:12","Step 1","141.62.110.42","GET","im-im2.hdm-stuttgart.de","/css/style.css","200","318","317","2319","74","1643","1538","","","Tue, 25 Jul 2017 18:20:10 GMT","max-age=31536000","text/css","gzip","3","53","","2637","","","","","","","","","","","7","100","0","100","-1","100","-1","-1","-1","-1","-1","0","1","-1","-1","-1","0","0","0","0","0","0","31536000","","","1","","0","0","0","0","0","0","","","","1","313","4","0",
"07/25/2016","18:20:12","Step 1","141.62.110.42","GET","im-im2.hdm-stuttgart.de","/css/http1/stylehttp1.css","200","325","319","2320","32","4248","4186","","","Tue, 25 Jul 2017 18:20:10 GMT","max-age=31536000","text/css","gzip","3","53","","2645","","","","","","","","","","","8","100","0","100","-1","100","-1","-1","-1","-1","-1","0","1","-1","-1","-1","0","0","0","0","0","0","31536000","","","1","","0","0","0","0","0","0","","","","1","313","4","0",
"07/25/2016","18:20:12","Step 1","141.62.110.42","GET","im-im2.hdm-stuttgart.de","/css/http1/bootstrap.css","200","652","328","2320","32","21300","21237","","","Tue, 25 Jul 2017 18:20:10 GMT","max-age=31536000","text/css","gzip","3","53","","2972","","","","","","","","","","","9","100","0","100","-1","100","-1","-1","-1","-1","-1","0","1","-1","-1","-1","0","0","0","0","0","0","31536000","","","1","","0","0","0","0","0","0","","","","1","313","4","0",
"07/25/2016","18:20:12","Step 1","141.62.110.42","GET","im-im2.hdm-stuttgart.de","/uploads/logos/logo-hdm.png","200","659","659","2321","40","703","605","","","Wed, 24 Aug 2016 18:20:10 GMT","max-age=2592000","image/png","","3","53","","2980","","","","","","","","","","","10","100","0","-1","-1","100","-1","-1","-1","-1","-1","0","1","-1","-1","-1","0","0","0","0","0","0","2592000","","","1","","0","0","0","0","0","0","","","","1","313","4","0",
"07/25/2016","18:20:12","Step 1","141.62.110.42","GET","im-im2.hdm-stuttgart.de","/uploads/sponsoren/united-internet.png","200","676","659","2321","42","9948","9892","","","Wed, 24 Aug 2016 18:20:10 GMT","max-age=2592000","image/png","","3","53","","2997","","","","","","","","","","","11","100","0","-1","-1","100","-1","-1","-1","-1","-1","0","1","-1","-1","-1","0","0","0","0","0","0","2592000","","","1","","0","0","0","0","0","0","","","","1","313","4","0",
"07/25/2016","18:20:12","Step 1","141.62.110.42","GET","im-im2.hdm-stuttgart.de","/uploads/sponsoren/dmc.png","200","675","658","2322","34","2261","2206","","","Wed, 24 Aug 2016 18:20:10 GMT","max-age=2592000","image/png","","3","53","","2997","","","","","","","","","","","12","100","0","-1","-1","100","-1","-1","-1","-1","-1","0","1","-1","-1","-1","0","0","0","0","0","0","2592000","","","1","","0","0","0","0","0","0","","","","1","313","4","0",
"07/25/2016","18:20:12","Step 1","141.62.110.42","GET","im-im2.hdm-stuttgart.de","/uploads/sponsoren/burda.png","200","686","658","2322","35","3939","3884","","","Wed, 24 Aug 2016 18:20:10 GMT","max-age=2592000","image/png","","3","53","","3008","","","","","","","","","","","13","100","0","-1","-1","100","-1","-1","-1","-1","-1","0","1","-1","-1","-1","0","0","0","0","0","0","2592000","","","1","","0","0","0","0","0","0","","","","1","313","4","0",
"07/25/2016","18:20:12","Step 1","141.62.110.42","GET","im-im2.hdm-stuttgart.de","/uploads/sponsoren/vitra.png","200","679","649","2331","35","3483","3428","","","Wed, 24 Aug 2016 18:20:10 GMT","max-age=2592000","image/png","","3","53","","3010","","","","","","","","","","","14","100","0","-1","-1","100","-1","-1","-1","-1","-1","0","1","-1","-1","-1","0","0","0","0","0","0","2592000","","","1","","0","0","0","0","0","0","","","","1","313","4","0",
"07/25/2016","18:20:12","Step 1","141.62.110.42","GET","im-im2.hdm-stuttgart.de","/uploads/sponsoren/ravensburger.png","200","728","682","2331","40","2867","2812","","","Wed, 24 Aug 2016 18:20:10 GMT","max-age=2592000","image/png","","3","53","","3059","","","","","","","","","","","15","100","0","-1","-1","100","-1","-1","-1","-1","-1","0","1","-1","-1","-1","0","0","0","0","0","0","2592000","","","1","","0","0","0","0","0","0","","","","1","313","4","0",
"07/25/2016","18:20:12","Step 1","141.62.110.42","GET","im-im2.hdm-stuttgart.de","/uploads/sponsoren/kresse-discher.png","200","727","727","2332","41","2362","2330","","","Wed, 24 Aug 2016 18:20:10 GMT","max-age=2592000","image/png","","3","53","","3059","","","","","","","","","","","16","100","0","-1","-1","100","-1","-1","-1","-1","-1","0","1","-1","-1","-1","0","0","0","0","0","0","2592000","","","1","","0","0","0","0","0","0","","","","1","313","4","0",
"07/25/2016","18:20:12","Step 1","141.62.110.42","GET","im-im2.hdm-stuttgart.de","/js/jquery.min.js","200","992","727","2332","28","29982","29902","","","Tue, 25 Jul 2017 18:20:10 GMT","max-age=31536000","application/javascript","gzip","3","53","","3324","","","","","","","","","","","17","100","0","100","-1","100","-1","-1","-1","-1","-1","0","1","-1","-1","-1","0","0","0","0","0","0","31536000","","","1","","0","0","0","0","0","0","","","","1","313","4","0",
"07/25/2016","18:20:12","Step 1","141.62.110.42","GET","im-im2.hdm-stuttgart.de","/js/http1/bootstrap.min.js","200","1032","991","2333","34","9826","9765","","","Tue, 25 Jul 2017 18:20:10 GMT","max-age=31536000","application/javascript","gzip","3","53","","3365","","","","","","","","","","","18","100","0","100","-1","100","-1","-1","-1","-1","-1","0","1","-1","-1","-1","0","0","0","0","0","0","31536000","","","1","","0","0","0","0","0","0","","","","1","313","4","0",
"07/25/2016","18:20:12","Step 1","141.62.110.42","GET","im-im2.hdm-stuttgart.de","/uploads/professoren/team-hover.jpg","200","1060","367","2998","81","165606","165493","","","Wed, 24 Aug 2016 18:20:11 GMT","max-age=2592000","image/jpeg","","3","53","","4058","","","","","","","","","","","19","100","0","-1","-1","100","-1","-1","-1","60","-1","0","1","-1","-1","-1","0","0","0","0","165493","65785","2592000","","","1","","0","0","0","0","0","0","","","","1","313","4","0",
"07/25/2016","18:20:12","Step 1","141.62.110.42","GET","im-im2.hdm-stuttgart.de","/fonts/Amsdam.ttf","200","1487","1001","3060","78","197067","196992","","","Wed, 24 Aug 2016 18:20:11 GMT","max-age=2592000","application/x-font-ttf","","3","53","","4547","","","","","","","","","","","20","100","-1","-1","-1","100","-1","-1","-1","-1","-1","0","1","-1","-1","-1","0","0","0","0","0","0","2592000","","","1","","0","0","0","0","0","0","","","","1","313","4","0",
"07/25/2016","18:20:12","Step 1","141.62.110.42","GET","im-im2.hdm-stuttgart.de","/fonts/HdMFrutigerNextPro-Light.woff","200","1488","1486","3061","50","45650","45576","","","Wed, 24 Aug 2016 18:20:11 GMT","max-age=2592000","application/x-font-woff","","3","53","","4549","","","","","","","","","","","21","100","-1","-1","-1","100","-1","-1","-1","-1","-1","0","1","-1","-1","-1","0","0","0","0","0","0","2592000","","","1","","0","0","0","0","0","0","","","","1","313","4","0",
"07/25/2016","18:20:12","Step 1","141.62.110.42","GET","im-im2.hdm-stuttgart.de","/favicon.ico","200","315","315","4586","23","440","318","","","Mon, 01 Aug 2016 18:20:12 GMT","max-age=604800","image/x-icon","","3","53","","4901","","","","","","","","","","","22","100","0","-1","-1","100","-1","-1","-1","-1","-1","0","1","-1","-1","-1","0","0","0","0","0","0","604800","","","1","","0","0","0","0","0","0","","","","1","313","4","0",
"07/25/2016","18:20:36","Step 1","93.184.220.29","POST","ocsp.digicert.com","/","200","314","314","201","444","788","471","","","Mon, 01 Aug 2016 06:20:31 GMT","max-age=505249","application/ocsp-response","","3","24","","515","","","","","","","","","","","1","50","-1","-1","-1","100","-1","-1","-1","-1","-1","0","0","-1","-1","-1","0","0","0","0","0","0","561600","","","1","Edgecast","0","0","0","0","0","0","","","","1","308","5","0",
"07/25/2016","18:20:36","Step 1","93.184.220.29","POST","ocsp.digicert.com","/","200","314","314","452","444","788","471","","","Mon, 01 Aug 2016 06:20:31 GMT","max-age=509093","application/ocsp-response","","3","21","","766","","","","","","","","","","","2","50","-1","-1","-1","100","-1","-1","-1","-1","-1","0","0","-1","-1","-1","0","0","0","0","0","0","561600","","","1","Edgecast","0","0","0","0","0","0","","","","1","308","5","0",
"07/25/2016","18:20:36","Step 1","54.191.85.92","GET","search.services.mozilla.com","/1/firefox/47.0/release/en-US/DE/default/default","200","471","471","516","393","302","169","","","","","application/json","","3","31","","987","","","","","","","","","","","3","0","-1","-1","-1","100","-1","-1","-1","-1","-1","0","1","-1","-1","-1","0","0","0","0","0","0","0","","","1","","0","0","0","0","0","0","","","","3","464","5","0",
"07/25/2016","18:20:36","Step 1","193.174.13.86","POST","ocsp.pca.dfn.de","/OCSP-Server/OCSP","200","347","346","1601","449","1894","1498","","","Thu, 04 Aug 2016 18:20:33 GMT","max-age=864000, public, no-transform, must-revalidate","application/ocsp-response","","3","57","","1948","","","","","","","","","","","4","100","-1","-1","-1","100","-1","-1","-1","-1","-1","0","0","-1","-1","-1","0","0","0","0","0","0","864000","","","1","","961","1279","1279","1601","0","0","","","","1","321","5","0",
"07/25/2016","18:20:36","Step 1","193.174.13.86","POST","ocsp.pca.dfn.de","/OCSP-Server/OCSP","200","350","349","1602","449","1894","1498","","","Thu, 04 Aug 2016 18:20:33 GMT","max-age=864000, public, no-transform, must-revalidate","application/ocsp-response","","3","58","","1952","","","","","","","","","","","5","100","-1","-1","-1","100","-1","-1","-1","-1","-1","0","0","-1","-1","-1","0","0","0","0","0","0","864000","","","1","","0","0","1279","1601","0","0","","","","1","321","5","0",
"07/25/2016","18:20:36","Step 1","141.62.110.42","GET","im-im2.hdm-stuttgart.de","/dozenten.html","200","340","322","1950","172","7083","6930","","","Mon, 25 Jul 2016 19:20:33 GMT","max-age=3600","text/html","gzip","3","53","","2290","","","","","","","","","","","6","50","-1","100","-1","100","-1","-1","-1","-1","-1","0","1","-1","-1","-1","0","0","0","0","0","0","3600","","","1","","0","308","308","622","622","1276","","","","1","313","5","0",
"07/25/2016","18:20:36","Step 1","141.62.110.42","GET","im-im2.hdm-stuttgart.de","/css/style.css","200","322","319","2337","74","1643","1538","","","Tue, 25 Jul 2017 18:20:33 GMT","max-age=31536000","text/css","gzip","3","53","","2659","","","","","","","","","","","7","100","0","100","-1","100","-1","-1","-1","-1","-1","0","1","-1","-1","-1","0","0","0","0","0","0","31536000","","","1","","0","0","0","0","0","0","","","","1","313","5","0",
"07/25/2016","18:20:36","Step 1","141.62.110.42","GET","im-im2.hdm-stuttgart.de","/css/http1/stylehttp1.css","200","328","319","2337","32","4248","4186","","","Tue, 25 Jul 2017 18:20:33 GMT","max-age=31536000","text/css","gzip","3","53","","2665","","","","","","","","","","","8","100","0","100","-1","100","-1","-1","-1","-1","-1","0","1","-1","-1","-1","0","0","0","0","0","0","31536000","","","1","","0","0","0","0","0","0","","","","1","313","5","0",
"07/25/2016","18:20:36","Step 1","141.62.110.42","GET","im-im2.hdm-stuttgart.de","/css/http1/bootstrap.css","200","656","330","2338","32","21300","21237","","","Tue, 25 Jul 2017 18:20:33 GMT","max-age=31536000","text/css","gzip","3","53","","2994","","","","","","","","","","","9","100","0","100","-1","100","-1","-1","-1","-1","-1","0","1","-1","-1","-1","0","0","0","0","0","0","31536000","","","1","","0","0","0","0","0","0","","","","1","313","5","0",
"07/25/2016","18:20:36","Step 1","141.62.110.42","GET","im-im2.hdm-stuttgart.de","/uploads/logos/logo-hdm.png","200","665","664","2338","40","703","605","","","Wed, 24 Aug 2016 18:20:33 GMT","max-age=2592000","image/png","","3","53","","3003","","","","","","","","","","","10","100","0","-1","-1","100","-1","-1","-1","-1","-1","0","1","-1","-1","-1","0","0","0","0","0","0","2592000","","","1","","0","0","0","0","0","0","","","","1","313","5","0",
"07/25/2016","18:20:36","Step 1","141.62.110.42","GET","im-im2.hdm-stuttgart.de","/uploads/sponsoren/united-internet.png","200","684","664","2339","42","9948","9892","","","Wed, 24 Aug 2016 18:20:33 GMT","max-age=2592000","image/png","","3","53","","3023","","","","","","","","","","","11","100","0","-1","-1","100","-1","-1","-1","-1","-1","0","1","-1","-1","-1","0","0","0","0","0","0","2592000","","","1","","0","0","0","0","0","0","","","","1","313","5","0",
"07/25/2016","18:20:36","Step 1","141.62.110.42","GET","im-im2.hdm-stuttgart.de","/uploads/sponsoren/dmc.png","200","685","664","2339","34","2261","2206","","","Wed, 24 Aug 2016 18:20:33 GMT","max-age=2592000","image/png","","3","53","","3024","","","","","","","","","","","12","100","0","-1","-1","100","-1","-1","-1","-1","-1","0","1","-1","-1","-1","0","0","0","0","0","0","2592000","","","1","","0","0","0","0","0","0","","","","1","313","5","0",
"07/25/2016","18:20:36","Step 1","141.62.110.42","GET","im-im2.hdm-stuttgart.de","/uploads/sponsoren/burda.png","200","687","664","2339","35","3939","3884","","","Wed, 24 Aug 2016 18:20:33 GMT","max-age=2592000","image/png","","3","53","","3026","","","","","","","","","","","13","100","0","-1","-1","100","-1","-1","-1","-1","-1","0","1","-1","-1","-1","0","0","0","0","0","0","2592000","","","1","","0","0","0","0","0","0","","","","1","313","5","0",
"07/25/2016","18:20:36","Step 1","141.62.110.42","GET","im-im2.hdm-stuttgart.de","/uploads/sponsoren/vitra.png","200","1026","1026","2340","35","3483","3428","","","Wed, 24 Aug 2016 18:20:33 GMT","max-age=2592000","image/png","","3","53","","3366","","","","","","","","","","","14","100","0","-1","-1","100","-1","-1","-1","-1","-1","0","1","-1","-1","-1","0","0","0","0","0","0","2592000","","","1","","0","0","0","0","0","0","","","","1","313","5","0",
"07/25/2016","18:20:36","Step 1","141.62.110.42","GET","im-im2.hdm-stuttgart.de","/uploads/sponsoren/ravensburger.png","200","1027","1026","2340","40","2867","2812","","","Wed, 24 Aug 2016 18:20:33 GMT","max-age=2592000","image/png","","3","53","","3367","","","","","","","","","","","15","100","0","-1","-1","100","-1","-1","-1","-1","-1","0","1","-1","-1","-1","0","0","0","0","0","0","2592000","","","1","","0","0","0","0","0","0","","","","1","313","5","0",
"07/25/2016","18:20:36","Step 1","141.62.110.42","GET","im-im2.hdm-stuttgart.de","/uploads/sponsoren/kresse-discher.png","200","1026","1025","2341","41","2362","2330","","","Wed, 24 Aug 2016 18:20:33 GMT","max-age=2592000","image/png","","3","53","","3367","","","","","","","","","","","16","100","0","-1","-1","100","-1","-1","-1","-1","-1","0","1","-1","-1","-1","0","0","0","0","0","0","2592000","","","1","","0","0","0","0","0","0","","","","1","313","5","0",
"07/25/2016","18:20:36","Step 1","141.62.110.42","GET","im-im2.hdm-stuttgart.de","/js/jquery.min.js","200","986","688","2341","28","29982","29902","","","Tue, 25 Jul 2017 18:20:33 GMT","max-age=31536000","application/javascript","gzip","3","53","","3327","","","","","","","","","","","17","100","0","100","-1","100","-1","-1","-1","-1","-1","0","1","-1","-1","-1","0","0","0","0","0","0","31536000","","","1","","0","0","0","0","0","0","","","","1","313","5","0",
"07/25/2016","18:20:36","Step 1","141.62.110.42","GET","im-im2.hdm-stuttgart.de","/js/http1/bootstrap.min.js","200","1025","1024","2342","34","9826","9765","","","Tue, 25 Jul 2017 18:20:33 GMT","max-age=31536000","application/javascript","gzip","3","53","","3367","","","","","","","","","","","18","100","0","100","-1","100","-1","-1","-1","-1","-1","0","1","-1","-1","-1","0","0","0","0","0","0","31536000","","","1","","0","0","0","0","0","0","","","","1","313","5","0",
"07/25/2016","18:20:36","Step 1","141.62.110.42","GET","im-im2.hdm-stuttgart.de","/uploads/professoren/team-hover.jpg","200","1053","343","3024","81","165606","165493","","","Wed, 24 Aug 2016 18:20:34 GMT","max-age=2592000","image/jpeg","","3","53","","4077","","","","","","","","","","","19","100","0","-1","-1","100","-1","-1","-1","60","-1","0","1","-1","-1","-1","0","0","0","0","165493","65785","2592000","","","1","","0","0","0","0","0","0","","","","1","313","5","0",
"07/25/2016","18:20:36","Step 1","141.62.110.42","GET","im-im2.hdm-stuttgart.de","/fonts/Amsdam.ttf","200","1513","1008","3070","78","197067","196992","","","Wed, 24 Aug 2016 18:20:34 GMT","max-age=2592000","application/x-font-ttf","","3","53","","4583","","","","","","","","","","","20","100","-1","-1","-1","100","-1","-1","-1","-1","-1","0","1","-1","-1","-1","0","0","0","0","0","0","2592000","","","1","","0","0","0","0","0","0","","","","1","313","5","0",
"07/25/2016","18:20:36","Step 1","141.62.110.42","GET","im-im2.hdm-stuttgart.de","/fonts/HdMFrutigerNextPro-Light.woff","200","1515","1513","3070","50","45650","45576","","","Wed, 24 Aug 2016 18:20:34 GMT","max-age=2592000","application/x-font-woff","","3","53","","4585","","","","","","","","","","","21","100","-1","-1","-1","100","-1","-1","-1","-1","-1","0","1","-1","-1","-1","0","0","0","0","0","0","2592000","","","1","","0","0","0","0","0","0","","","","1","313","5","0",
"07/25/2016","18:20:36","Step 1","141.62.110.42","GET","im-im2.hdm-stuttgart.de","/favicon.ico","200","315","315","4621","23","440","318","","","Mon, 01 Aug 2016 18:20:36 GMT","max-age=604800","image/x-icon","","3","53","","4936","","","","","","","","","","","22","100","0","-1","-1","100","-1","-1","-1","-1","-1","0","1","-1","-1","-1","0","0","0","0","0","0","604800","","","1","","0","0","0","0","0","0","","","","1","313","5","0",
"07/25/2016","18:20:58","Step 1","93.184.220.29","POST","ocsp.digicert.com","/","200","315","315","138","444","788","471","","","Mon, 01 Aug 2016 06:20:53 GMT","max-age=513090","application/ocsp-response","","3","17","","453","","","","","","","","","","","1","50","-1","-1","-1","100","-1","-1","-1","-1","-1","0","0","-1","-1","-1","0","0","0","0","0","0","561600","","","1","Edgecast","0","0","0","0","0","0","","","","1","309","6","0",
"07/25/2016","18:20:58","Step 1","93.184.220.29","POST","ocsp.digicert.com","/","200","314","314","372","444","788","471","","","Mon, 01 Aug 2016 06:20:54 GMT","max-age=510896","application/ocsp-response","","3","18","","686","","","","","","","","","","","2","50","-1","-1","-1","100","-1","-1","-1","-1","-1","0","0","-1","-1","-1","0","0","0","0","0","0","561600","","","1","Edgecast","0","0","0","0","0","0","","","","1","309","6","0",
"07/25/2016","18:20:58","Step 1","54.69.136.250","GET","search.services.mozilla.com","/1/firefox/47.0/release/en-US/DE/default/default","200","489","489","454","393","302","169","","","","","application/json","","3","31","","943","","","","","","","","","","","3","0","-1","-1","-1","100","-1","-1","-1","-1","-1","0","1","-1","-1","-1","0","0","0","0","0","0","0","","","1","","0","0","0","0","0","0","","","","3","480","6","0",
"07/25/2016","18:20:58","Step 1","193.174.13.86","POST","ocsp.pca.dfn.de","/OCSP-Server/OCSP","200","358","357","1595","449","1894","1498","","","Thu, 04 Aug 2016 18:20:55 GMT","max-age=864000, public, no-transform, must-revalidate","application/ocsp-response","","3","58","","1953","","","","","","","","","","","4","100","-1","-1","-1","100","-1","-1","-1","-1","-1","0","0","-1","-1","-1","0","0","0","0","0","0","864000","","","1","","961","1271","1272","1595","0","0","","","","1","320","6","0",
"07/25/2016","18:20:58","Step 1","193.174.13.86","POST","ocsp.pca.dfn.de","/OCSP-Server/OCSP","200","353","353","1597","449","1894","1498","","","Thu, 04 Aug 2016 18:20:55 GMT","max-age=864000, public, no-transform, must-revalidate","application/ocsp-response","","3","57","","1950","","","","","","","","","","","5","100","-1","-1","-1","100","-1","-1","-1","-1","-1","0","0","-1","-1","-1","0","0","0","0","0","0","864000","","","1","","0","0","1272","1597","0","0","","","","1","320","6","0",
"07/25/2016","18:20:58","Step 1","141.62.110.42","GET","im-im2.hdm-stuttgart.de","/dozenten.html","200","327","316","1965","172","7083","6930","","","Mon, 25 Jul 2016 19:20:55 GMT","max-age=3600","text/html","gzip","3","53","","2292","","","","","","","","","","","6","50","-1","100","-1","100","-1","-1","-1","-1","-1","0","1","-1","-1","-1","0","0","0","0","0","0","3600","","","1","","0","308","309","622","622","1277","","","","1","313","6","0",
"07/25/2016","18:20:58","Step 1","141.62.110.42","GET","im-im2.hdm-stuttgart.de","/css/style.css","200","328","325","2337","74","1666","1538","","","Tue, 25 Jul 2017 18:20:56 GMT","max-age=31536000","text/css","gzip","3","53","","2665","","","","","","","","","","","7","100","0","100","-1","100","-1","-1","-1","-1","-1","0","1","-1","-1","-1","0","0","0","0","0","0","31536000","","","1","","0","0","0","0","0","0","","","","1","313","6","0",
"07/25/2016","18:20:58","Step 1","141.62.110.42","GET","im-im2.hdm-stuttgart.de","/css/http1/stylehttp1.css","200","334","325","2337","32","4248","4186","","","Tue, 25 Jul 2017 18:20:56 GMT","max-age=31536000","text/css","gzip","3","53","","2671","","","","","","","","","","","8","100","0","100","-1","100","-1","-1","-1","-1","-1","0","1","-1","-1","-1","0","0","0","0","0","0","31536000","","","1","","0","0","0","0","0","0","","","","1","313","6","0",
"07/25/2016","18:20:58","Step 1","141.62.110.42","GET","im-im2.hdm-stuttgart.de","/css/http1/bootstrap.css","200","665","336","2338","32","21300","21237","","","Tue, 25 Jul 2017 18:20:56 GMT","max-age=31536000","text/css","gzip","3","53","","3003","","","","","","","","","","","9","100","0","100","-1","100","-1","-1","-1","-1","-1","0","1","-1","-1","-1","0","0","0","0","0","0","31536000","","","1","","0","0","0","0","0","0","","","","1","313","6","0",
"07/25/2016","18:20:58","Step 1","141.62.110.42","GET","im-im2.hdm-stuttgart.de","/uploads/logos/logo-hdm.png","200","654","336","2338","40","703","605","","","Wed, 24 Aug 2016 18:20:56 GMT","max-age=2592000","image/png","","3","53","","2992","","","","","","","","","","","10","100","0","-1","-1","100","-1","-1","-1","-1","-1","0","1","-1","-1","-1","0","0","0","0","0","0","2592000","","","1","","0","0","0","0","0","0","","","","1","313","6","0",
"07/25/2016","18:20:58","Step 1","141.62.110.42","GET","im-im2.hdm-stuttgart.de","/uploads/sponsoren/united-internet.png","200","731","336","2339","42","9948","9892","","","Wed, 24 Aug 2016 18:20:56 GMT","max-age=2592000","image/png","","3","53","","3070","","","","","","","","","","","11","100","0","-1","-1","100","-1","-1","-1","-1","-1","0","1","-1","-1","-1","0","0","0","0","0","0","2592000","","","1","","0","0","0","0","0","0","","","","1","313","6","0",
"07/25/2016","18:20:58","Step 1","141.62.110.42","GET","im-im2.hdm-stuttgart.de","/uploads/sponsoren/dmc.png","200","1019","1018","2339","34","2261","2206","","","Wed, 24 Aug 2016 18:20:56 GMT","max-age=2592000","image/png","","3","53","","3358","","","","","","","","","","","12","100","0","-1","-1","100","-1","-1","-1","-1","-1","0","1","-1","-1","-1","0","0","0","0","0","0","2592000","","","1","","0","0","0","0","0","0","","","","1","313","6","0",
"07/25/2016","18:20:58","Step 1","141.62.110.42","GET","im-im2.hdm-stuttgart.de","/uploads/sponsoren/burda.png","200","1026","1017","2340","35","3939","3884","","","Wed, 24 Aug 2016 18:20:56 GMT","max-age=2592000","image/png","","3","53","","3366","","","","","","","","","","","13","100","0","-1","-1","100","-1","-1","-1","-1","-1","0","1","-1","-1","-1","0","0","0","0","0","0","2592000","","","1","","0","0","0","0","0","0","","","","1","313","6","0",
"07/25/2016","18:20:58","Step 1","141.62.110.42","GET","im-im2.hdm-stuttgart.de","/uploads/sponsoren/vitra.png","200","1027","1017","2340","35","3483","3428","","","Wed, 24 Aug 2016 18:20:56 GMT","max-age=2592000","image/png","","3","53","","3367","","","","","","","","","","","14","100","0","-1","-1","100","-1","-1","-1","-1","-1","0","1","-1","-1","-1","0","0","0","0","0","0","2592000","","","1","","0","0","0","0","0","0","","","","1","313","6","0",
"07/25/2016","18:20:58","Step 1","141.62.110.42","GET","im-im2.hdm-stuttgart.de","/uploads/sponsoren/ravensburger.png","200","1035","1017","2340","40","2867","2812","","","Wed, 24 Aug 2016 18:20:56 GMT","max-age=2592000","image/png","","3","53","","3375","","","","","","","","","","","15","100","0","-1","-1","100","-1","-1","-1","-1","-1","0","1","-1","-1","-1","0","0","0","0","0","0","2592000","","","1","","0","0","0","0","0","0","","","","1","313","6","0",
"07/25/2016","18:20:58","Step 1","141.62.110.42","GET","im-im2.hdm-stuttgart.de","/uploads/sponsoren/kresse-discher.png","200","1034","1016","2341","41","2362","2330","","","Wed, 24 Aug 2016 18:20:56 GMT","max-age=2592000","image/png","","3","53","","3375","","","","","","","","","","","16","100","0","-1","-1","100","-1","-1","-1","-1","-1","0","1","-1","-1","-1","0","0","0","0","0","0","2592000","","","1","","0","0","0","0","0","0","","","","1","313","6","0",
"07/25/2016","18:20:58","Step 1","141.62.110.42","GET","im-im2.hdm-stuttgart.de","/js/jquery.min.js","200","972","721","2350","28","29982","29902","","","Tue, 25 Jul 2017 18:20:56 GMT","max-age=31536000","application/javascript","gzip","3","53","","3322","","","","","","","","","","","17","100","0","100","-1","100","-1","-1","-1","-1","-1","0","1","-1","-1","-1","0","0","0","0","0","0","31536000","","","1","","0","0","0","0","0","0","","","","1","313","6","0",
"07/25/2016","18:20:58","Step 1","141.62.110.42","GET","im-im2.hdm-stuttgart.de","/js/http1/bootstrap.min.js","200","1016","1007","2350","34","9826","9765","","","Tue, 25 Jul 2017 18:20:56 GMT","max-age=31536000","application/javascript","gzip","3","53","","3366","","","","","","","","","","","18","100","0","100","-1","100","-1","-1","-1","-1","-1","0","1","-1","-1","-1","0","0","0","0","0","0","31536000","","","1","","0","0","0","0","0","0","","","","1","313","6","0",
"07/25/2016","18:20:58","Step 1","141.62.110.42","GET","im-im2.hdm-stuttgart.de","/uploads/professoren/team-hover.jpg","200","1014","319","3072","81","165560","165493","","","Wed, 24 Aug 2016 18:20:56 GMT","max-age=2592000","image/jpeg","","3","53","","4086","","","","","","","","","","","19","100","0","-1","-1","100","-1","-1","-1","60","-1","0","1","-1","-1","-1","0","0","0","0","165493","65785","2592000","","","1","","0","0","0","0","0","0","","","","1","313","6","0",
"07/25/2016","18:20:58","Step 1","141.62.110.42","GET","im-im2.hdm-stuttgart.de","/fonts/Amsdam.ttf","200","1539","1013","3073","78","197113","196992","","","Wed, 24 Aug 2016 18:20:57 GMT","max-age=2592000","application/x-font-ttf","","3","53","","4612","","","","","","","","","","","20","100","-1","-1","-1","100","-1","-1","-1","-1","-1","0","1","-1","-1","-1","0","0","0","0","0","0","2592000","","","1","","0","0","0","0","0","0","","","","1","313","6","0",
"07/25/2016","18:20:58","Step 1","141.62.110.42","GET","im-im2.hdm-stuttgart.de","/fonts/HdMFrutigerNextPro-Light.woff","200","1502","1014","3073","50","45650","45576","","","Wed, 24 Aug 2016 18:20:57 GMT","max-age=2592000","application/x-font-woff","","3","53","","4575","","","","","","","","","","","21","100","-1","-1","-1","100","-1","-1","-1","-1","-1","0","1","-1","-1","-1","0","0","0","0","0","0","2592000","","","1","","0","0","0","0","0","0","","","","1","313","6","0",
"07/25/2016","18:20:58","Step 1","141.62.110.42","GET","im-im2.hdm-stuttgart.de","/favicon.ico","200","314","314","4635","23","440","318","","","Mon, 01 Aug 2016 18:20:58 GMT","max-age=604800","image/x-icon","","3","53","","4949","","","","","","","","","","","22","100","0","-1","-1","100","-1","-1","-1","-1","-1","0","1","-1","-1","-1","0","0","0","0","0","0","604800","","","1","","0","0","0","0","0","0","","","","1","313","6","0",
"07/25/2016","18:21:21","Step 1","93.184.220.29","POST","ocsp.digicert.com","/","200","313","313","28","444","788","471","","","Mon, 01 Aug 2016 06:21:16 GMT","max-age=515182","application/ocsp-response","","3","18","","341","","","","","","","","","","","1","50","-1","-1","-1","100","-1","-1","-1","-1","-1","0","0","-1","-1","-1","0","0","0","0","0","0","561600","","","1","Edgecast","0","0","0","0","0","0","","","","1","309","7","0",
"07/25/2016","18:21:21","Step 1","93.184.220.29","POST","ocsp.digicert.com","/","200","313","313","269","444","788","471","","","Mon, 01 Aug 2016 06:21:16 GMT","max-age=515182","application/ocsp-response","","3","19","","582","","","","","","","","","","","2","50","-1","-1","-1","100","-1","-1","-1","-1","-1","0","0","-1","-1","-1","0","0","0","0","0","0","561600","","","1","Edgecast","0","0","0","0","0","0","","","","1","309","7","0",
"07/25/2016","18:21:21","Step 1","54.149.54.54","GET","search.services.mozilla.com","/1/firefox/47.0/release/en-US/DE/default/default","200","484","484","343","393","302","169","","","","","application/json","","3","31","","827","","","","","","","","","","","3","0","-1","-1","-1","100","-1","-1","-1","-1","-1","0","1","-1","-1","-1","0","0","0","0","0","0","0","","","1","","0","0","0","0","0","0","","","","3","465","7","0",
"07/25/2016","18:21:21","Step 1","193.174.13.86","POST","ocsp.pca.dfn.de","/OCSP-Server/OCSP","200","334","333","1603","449","1893","1498","","","Thu, 04 Aug 2016 18:21:18 GMT","max-age=864000, public, no-transform, must-revalidate","application/ocsp-response","","3","57","","1937","","","","","","","","","","","4","100","-1","-1","-1","100","-1","-1","-1","-1","-1","0","0","-1","-1","-1","0","0","0","0","0","0","864000","","","1","","961","1279","1279","1603","0","0","","","","1","319","7","0",
"07/25/2016","18:21:21","Step 1","193.174.13.86","POST","ocsp.pca.dfn.de","/OCSP-Server/OCSP","200","351","350","1604","449","1894","1498","","","Thu, 04 Aug 2016 18:21:18 GMT","max-age=864000, public, no-transform, must-revalidate","application/ocsp-response","","3","58","","1955","","","","","","","","","","","5","100","-1","-1","-1","100","-1","-1","-1","-1","-1","0","0","-1","-1","-1","0","0","0","0","0","0","864000","","","1","","0","0","1279","1603","0","0","","","","1","319","7","0",
"07/25/2016","18:21:21","Step 1","141.62.110.42","GET","im-im2.hdm-stuttgart.de","/dozenten.html","200","339","320","1939","172","7083","6930","","","Mon, 25 Jul 2016 19:21:18 GMT","max-age=3600","text/html","gzip","3","53","","2278","","","","","","","","","","","6","50","-1","100","-1","100","-1","-1","-1","-1","-1","0","1","-1","-1","-1","0","0","0","0","0","0","3600","","","1","","0","309","309","622","622","1276","","","","1","313","7","0",
"07/25/2016","18:21:21","Step 1","141.62.110.42","GET","im-im2.hdm-stuttgart.de","/css/style.css","200","327","324","2319","74","1643","1538","","","Tue, 25 Jul 2017 18:21:18 GMT","max-age=31536000","text/css","gzip","3","53","","2646","","","","","","","","","","","7","100","0","100","-1","100","-1","-1","-1","-1","-1","0","1","-1","-1","-1","0","0","0","0","0","0","31536000","","","1","","0","0","0","0","0","0","","","","1","313","7","0",
"07/25/2016","18:21:21","Step 1","141.62.110.42","GET","im-im2.hdm-stuttgart.de","/css/http1/stylehttp1.css","200","335","325","2319","32","4248","4186","","","Tue, 25 Jul 2017 18:21:18 GMT","max-age=31536000","text/css","gzip","3","53","","2654","","","","","","","","","","","8","100","0","100","-1","100","-1","-1","-1","-1","-1","0","1","-1","-1","-1","0","0","0","0","0","0","31536000","","","1","","0","0","0","0","0","0","","","","1","313","7","0",
"07/25/2016","18:21:21","Step 1","141.62.110.42","GET","im-im2.hdm-stuttgart.de","/css/http1/bootstrap.css","200","658","324","2320","32","21300","21237","","","Tue, 25 Jul 2017 18:21:18 GMT","max-age=31536000","text/css","gzip","3","53","","2978","","","","","","","","","","","9","100","0","100","-1","100","-1","-1","-1","-1","-1","0","1","-1","-1","-1","0","0","0","0","0","0","31536000","","","1","","0","0","0","0","0","0","","","","1","313","7","0",
"07/25/2016","18:21:21","Step 1","141.62.110.42","GET","im-im2.hdm-stuttgart.de","/uploads/logos/logo-hdm.png","200","676","675","2320","40","703","605","","","Wed, 24 Aug 2016 18:21:18 GMT","max-age=2592000","image/png","","3","53","","2996","","","","","","","","","","","10","100","0","-1","-1","100","-1","-1","-1","-1","-1","0","1","-1","-1","-1","0","0","0","0","0","0","2592000","","","1","","0","0","0","0","0","0","","","","1","313","7","0",
"07/25/2016","18:21:21","Step 1","141.62.110.42","GET","im-im2.hdm-stuttgart.de","/uploads/sponsoren/united-internet.png","200","726","674","2321","42","9948","9892","","","Wed, 24 Aug 2016 18:21:18 GMT","max-age=2592000","image/png","","3","53","","3047","","","","","","","","","","","11","100","0","-1","-1","100","-1","-1","-1","-1","-1","0","1","-1","-1","-1","0","0","0","0","0","0","2592000","","","1","","0","0","0","0","0","0","","","","1","313","7","0",
"07/25/2016","18:21:21","Step 1","141.62.110.42","GET","im-im2.hdm-stuttgart.de","/uploads/sponsoren/dmc.png","200","726","674","2321","34","2261","2206","","","Wed, 24 Aug 2016 18:21:18 GMT","max-age=2592000","image/png","","3","53","","3047","","","","","","","","","","","12","100","0","-1","-1","100","-1","-1","-1","-1","-1","0","1","-1","-1","-1","0","0","0","0","0","0","2592000","","","1","","0","0","0","0","0","0","","","","1","313","7","0",
"07/25/2016","18:21:21","Step 1","141.62.110.42","GET","im-im2.hdm-stuttgart.de","/uploads/sponsoren/burda.png","200","726","675","2321","35","3939","3884","","","Wed, 24 Aug 2016 18:21:18 GMT","max-age=2592000","image/png","","3","53","","3047","","","","","","","","","","","13","100","0","-1","-1","100","-1","-1","-1","-1","-1","0","1","-1","-1","-1","0","0","0","0","0","0","2592000","","","1","","0","0","0","0","0","0","","","","1","313","7","0",
"07/25/2016","18:21:21","Step 1","141.62.110.42","GET","im-im2.hdm-stuttgart.de","/uploads/sponsoren/vitra.png","200","725","674","2322","35","3483","3428","","","Wed, 24 Aug 2016 18:21:18 GMT","max-age=2592000","image/png","","3","53","","3047","","","","","","","","","","","14","100","0","-1","-1","100","-1","-1","-1","-1","-1","0","1","-1","-1","-1","0","0","0","0","0","0","2592000","","","1","","0","0","0","0","0","0","","","","1","313","7","0",
"07/25/2016","18:21:21","Step 1","141.62.110.42","GET","im-im2.hdm-stuttgart.de","/uploads/sponsoren/ravensburger.png","200","725","674","2322","40","2867","2812","","","Wed, 24 Aug 2016 18:21:18 GMT","max-age=2592000","image/png","","3","53","","3047","","","","","","","","","","","15","100","0","-1","-1","100","-1","-1","-1","-1","-1","0","1","-1","-1","-1","0","0","0","0","0","0","2592000","","","1","","0","0","0","0","0","0","","","","1","313","7","0",
"07/25/2016","18:21:21","Step 1","141.62.110.42","GET","im-im2.hdm-stuttgart.de","/uploads/sponsoren/kresse-discher.png","200","733","673","2323","41","2362","2330","","","Wed, 24 Aug 2016 18:21:18 GMT","max-age=2592000","image/png","","3","53","","3056","","","","","","","","","","","16","100","0","-1","-1","100","-1","-1","-1","-1","-1","0","1","-1","-1","-1","0","0","0","0","0","0","2592000","","","1","","0","0","0","0","0","0","","","","1","313","7","0",
"07/25/2016","18:21:21","Step 1","141.62.110.42","GET","im-im2.hdm-stuttgart.de","/js/jquery.min.js","200","1007","733","2323","28","30028","29902","","","Tue, 25 Jul 2017 18:21:19 GMT","max-age=31536000","application/javascript","gzip","3","53","","3330","","","","","","","","","","","17","100","0","100","-1","100","-1","-1","-1","-1","-1","0","1","-1","-1","-1","0","0","0","0","0","0","31536000","","","1","","0","0","0","0","0","0","","","","1","313","7","0",
"07/25/2016","18:21:21","Step 1","141.62.110.42","GET","im-im2.hdm-stuttgart.de","/js/http1/bootstrap.min.js","200","1047","1007","2323","34","9826","9765","","","Tue, 25 Jul 2017 18:21:19 GMT","max-age=31536000","application/javascript","gzip","3","53","","3370","","","","","","","","","","","18","100","0","100","-1","100","-1","-1","-1","-1","-1","0","1","-1","-1","-1","0","0","0","0","0","0","31536000","","","1","","0","0","0","0","0","0","","","","1","313","7","0",
"07/25/2016","18:21:21","Step 1","141.62.110.42","GET","im-im2.hdm-stuttgart.de","/uploads/professoren/team-hover.jpg","200","1024","329","3057","81","165583","165493","","","Wed, 24 Aug 2016 18:21:19 GMT","max-age=2592000","image/jpeg","","3","53","","4081","","","","","","","","","","","19","100","0","-1","-1","100","-1","-1","-1","60","-1","0","1","-1","-1","-1","0","0","0","0","165493","65785","2592000","","","1","","0","0","0","0","0","0","","","","1","313","7","0",
"07/25/2016","18:21:21","Step 1","141.62.110.42","GET","im-im2.hdm-stuttgart.de","/fonts/Amsdam.ttf","200","1530","1024","3057","78","197067","196992","","","Wed, 24 Aug 2016 18:21:19 GMT","max-age=2592000","application/x-font-ttf","","3","53","","4587","","","","","","","","","","","20","100","-1","-1","-1","100","-1","-1","-1","-1","-1","0","1","-1","-1","-1","0","0","0","0","0","0","2592000","","","1","","0","0","0","0","0","0","","","","1","313","7","0",
"07/25/2016","18:21:21","Step 1","141.62.110.42","GET","im-im2.hdm-stuttgart.de","/fonts/HdMFrutigerNextPro-Light.woff","200","1511","1023","3058","50","45650","45576","","","Wed, 24 Aug 2016 18:21:19 GMT","max-age=2592000","application/x-font-woff","","3","53","","4569","","","","","","","","","","","21","100","-1","-1","-1","100","-1","-1","-1","-1","-1","0","1","-1","-1","-1","0","0","0","0","0","0","2592000","","","1","","0","0","0","0","0","0","","","","1","313","7","0",
"07/25/2016","18:21:21","Step 1","141.62.110.42","GET","im-im2.hdm-stuttgart.de","/favicon.ico","200","314","313","4629","23","440","318","","","Mon, 01 Aug 2016 18:21:21 GMT","max-age=604800","image/x-icon","","3","53","","4943","","","","","","","","","","","22","100","0","-1","-1","100","-1","-1","-1","-1","-1","0","1","-1","-1","-1","0","0","0","0","0","0","604800","","","1","","0","0","0","0","0","0","","","","1","313","7","0",
"07/25/2016","18:21:43","Step 1","93.184.220.29","POST","ocsp.digicert.com","/","200","314","314","123","444","788","471","","","Mon, 01 Aug 2016 06:21:39 GMT","max-age=507119","application/ocsp-response","","3","19","","437","","","","","","","","","","","1","50","-1","-1","-1","100","-1","-1","-1","-1","-1","0","0","-1","-1","-1","0","0","0","0","0","0","561600","","","1","Edgecast","0","0","0","0","0","0","","","","1","309","8","0",
"07/25/2016","18:21:43","Step 1","93.184.220.29","POST","ocsp.digicert.com","/","200","314","314","331","444","788","471","","","Mon, 01 Aug 2016 06:21:39 GMT","max-age=510896","application/ocsp-response","","3","17","","645","","","","","","","","","","","2","50","-1","-1","-1","100","-1","-1","-1","-1","-1","0","0","-1","-1","-1","0","0","0","0","0","0","561600","","","1","Edgecast","0","0","0","0","0","0","","","","1","309","8","0",
"07/25/2016","18:21:43","Step 1","54.191.85.92","GET","search.services.mozilla.com","/1/firefox/47.0/release/en-US/DE/default/default","200","492","492","438","393","302","169","","","","","application/json","","3","31","","930","","","","","","","","","","","3","0","-1","-1","-1","100","-1","-1","-1","-1","-1","0","1","-1","-1","-1","0","0","0","0","0","0","0","","","1","","0","0","0","0","0","0","","","","3","464","8","0",
"07/25/2016","18:21:43","Step 1","193.174.13.86","POST","ocsp.pca.dfn.de","/OCSP-Server/OCSP","200","332","331","1592","449","1893","1498","","","Thu, 04 Aug 2016 18:21:40 GMT","max-age=864000, public, no-transform, must-revalidate","application/ocsp-response","","3","57","","1924","","","","","","","","","","","4","100","-1","-1","-1","100","-1","-1","-1","-1","-1","0","0","-1","-1","-1","0","0","0","0","0","0","864000","","","1","","962","1270","1270","1592","0","0","","","","1","320","8","0",
"07/25/2016","18:21:43","Step 1","193.174.13.86","POST","ocsp.pca.dfn.de","/OCSP-Server/OCSP","200","359","358","1592","449","1894","1498","","","Thu, 04 Aug 2016 18:21:40 GMT","max-age=864000, public, no-transform, must-revalidate","application/ocsp-response","","3","58","","1951","","","","","","","","","","","5","100","-1","-1","-1","100","-1","-1","-1","-1","-1","0","0","-1","-1","-1","0","0","0","0","0","0","864000","","","1","","0","0","1271","1592","0","0","","","","1","320","8","0",
"07/25/2016","18:21:43","Step 1","141.62.110.42","GET","im-im2.hdm-stuttgart.de","/dozenten.html","200","333","322","1926","172","7083","6930","","","Mon, 25 Jul 2016 19:21:40 GMT","max-age=3600","text/html","gzip","3","53","","2259","","","","","","","","","","","6","50","-1","100","-1","100","-1","-1","-1","-1","-1","0","1","-1","-1","-1","0","0","0","0","0","0","3600","","","1","","0","309","309","623","623","1277","","","","1","313","8","0",
"07/25/2016","18:21:43","Step 1","141.62.110.42","GET","im-im2.hdm-stuttgart.de","/css/style.css","200","318","317","2299","74","1666","1538","","","Tue, 25 Jul 2017 18:21:41 GMT","max-age=31536000","text/css","gzip","3","53","","2617","","","","","","","","","","","7","100","0","100","-1","100","-1","-1","-1","-1","-1","0","1","-1","-1","-1","0","0","0","0","0","0","31536000","","","1","","0","0","0","0","0","0","","","","1","313","8","0",
"07/25/2016","18:21:43","Step 1","141.62.110.42","GET","im-im2.hdm-stuttgart.de","/css/http1/stylehttp1.css","200","325","319","2300","32","4248","4186","","","Tue, 25 Jul 2017 18:21:41 GMT","max-age=31536000","text/css","gzip","3","53","","2625","","","","","","","","","","","8","100","0","100","-1","100","-1","-1","-1","-1","-1","0","1","-1","-1","-1","0","0","0","0","0","0","31536000","","","1","","0","0","0","0","0","0","","","","1","313","8","0",
"07/25/2016","18:21:43","Step 1","141.62.110.42","GET","im-im2.hdm-stuttgart.de","/css/http1/bootstrap.css","200","655","328","2300","32","21300","21237","","","Tue, 25 Jul 2017 18:21:41 GMT","max-age=31536000","text/css","gzip","3","53","","2955","","","","","","","","","","","9","100","0","100","-1","100","-1","-1","-1","-1","-1","0","1","-1","-1","-1","0","0","0","0","0","0","31536000","","","1","","0","0","0","0","0","0","","","","1","313","8","0",
"07/25/2016","18:21:43","Step 1","141.62.110.42","GET","im-im2.hdm-stuttgart.de","/uploads/logos/logo-hdm.png","200","644","328","2300","40","703","605","","","Wed, 24 Aug 2016 18:21:41 GMT","max-age=2592000","image/png","","3","53","","2944","","","","","","","","","","","10","100","0","-1","-1","100","-1","-1","-1","-1","-1","0","1","-1","-1","-1","0","0","0","0","0","0","2592000","","","1","","0","0","0","0","0","0","","","","1","313","8","0",
"07/25/2016","18:21:43","Step 1","141.62.110.42","GET","im-im2.hdm-stuttgart.de","/uploads/sponsoren/united-internet.png","200","725","662","2301","42","9948","9892","","","Wed, 24 Aug 2016 18:21:41 GMT","max-age=2592000","image/png","","3","53","","3026","","","","","","","","","","","11","100","0","-1","-1","100","-1","-1","-1","-1","-1","0","1","-1","-1","-1","0","0","0","0","0","0","2592000","","","1","","0","0","0","0","0","0","","","","1","313","8","0",
"07/25/2016","18:21:43","Step 1","141.62.110.42","GET","im-im2.hdm-stuttgart.de","/uploads/sponsoren/dmc.png","200","725","662","2301","34","2261","2206","","","Wed, 24 Aug 2016 18:21:41 GMT","max-age=2592000","image/png","","3","53","","3026","","","","","","","","","","","12","100","0","-1","-1","100","-1","-1","-1","-1","-1","0","1","-1","-1","-1","0","0","0","0","0","0","2592000","","","1","","0","0","0","0","0","0","","","","1","313","8","0",
"07/25/2016","18:21:43","Step 1","141.62.110.42","GET","im-im2.hdm-stuttgart.de","/uploads/sponsoren/burda.png","200","724","661","2302","35","3939","3884","","","Wed, 24 Aug 2016 18:21:41 GMT","max-age=2592000","image/png","","3","53","","3026","","","","","","","","","","","13","100","0","-1","-1","100","-1","-1","-1","-1","-1","0","1","-1","-1","-1","0","0","0","0","0","0","2592000","","","1","","0","0","0","0","0","0","","","","1","313","8","0",
"07/25/2016","18:21:43","Step 1","141.62.110.42","GET","im-im2.hdm-stuttgart.de","/uploads/sponsoren/vitra.png","200","724","724","2302","35","3483","3428","","","Wed, 24 Aug 2016 18:21:41 GMT","max-age=2592000","image/png","","3","53","","3026","","","","","","","","","","","14","100","0","-1","-1","100","-1","-1","-1","-1","-1","0","1","-1","-1","-1","0","0","0","0","0","0","2592000","","","1","","0","0","0","0","0","0","","","","1","313","8","0",
"07/25/2016","18:21:43","Step 1","141.62.110.42","GET","im-im2.hdm-stuttgart.de","/uploads/sponsoren/ravensburger.png","200","1033","990","2303","40","2867","2812","","","Wed, 24 Aug 2016 18:21:41 GMT","max-age=2592000","image/png","","3","53","","3336","","","","","","","","","","","15","100","0","-1","-1","100","-1","-1","-1","-1","-1","0","1","-1","-1","-1","0","0","0","0","0","0","2592000","","","1","","0","0","0","0","0","0","","","","1","313","8","0",
"07/25/2016","18:21:43","Step 1","141.62.110.42","GET","im-im2.hdm-stuttgart.de","/uploads/sponsoren/kresse-discher.png","200","1034","990","2303","41","2362","2330","","","Wed, 24 Aug 2016 18:21:41 GMT","max-age=2592000","image/png","","3","53","","3337","","","","","","","","","","","16","100","0","-1","-1","100","-1","-1","-1","-1","-1","0","1","-1","-1","-1","0","0","0","0","0","0","2592000","","","1","","0","0","0","0","0","0","","","","1","313","8","0",
"07/25/2016","18:21:43","Step 1","141.62.110.42","GET","im-im2.hdm-stuttgart.de","/js/jquery.min.js","200","990","724","2303","28","29982","29902","","","Tue, 25 Jul 2017 18:21:41 GMT","max-age=31536000","application/javascript","gzip","3","53","","3293","","","","","","","","","","","17","100","0","100","-1","100","-1","-1","-1","-1","-1","0","1","-1","-1","-1","0","0","0","0","0","0","31536000","","","1","","0","0","0","0","0","0","","","","1","313","8","0",
"07/25/2016","18:21:43","Step 1","141.62.110.42","GET","im-im2.hdm-stuttgart.de","/js/http1/bootstrap.min.js","200","1032","989","2304","34","9826","9765","","","Tue, 25 Jul 2017 18:21:41 GMT","max-age=31536000","application/javascript","gzip","3","53","","3336","","","","","","","","","","","18","100","0","100","-1","100","-1","-1","-1","-1","-1","0","1","-1","-1","-1","0","0","0","0","0","0","31536000","","","1","","0","0","0","0","0","0","","","","1","313","8","0",
"07/25/2016","18:21:43","Step 1","141.62.110.42","GET","im-im2.hdm-stuttgart.de","/uploads/professoren/team-hover.jpg","200","1011","325","3028","81","165606","165493","","","Wed, 24 Aug 2016 18:21:42 GMT","max-age=2592000","image/jpeg","","3","53","","4039","","","","","","","","","","","19","100","0","-1","-1","100","-1","-1","-1","60","-1","0","1","-1","-1","-1","0","0","0","0","165493","65785","2592000","","","1","","0","0","0","0","0","0","","","","1","313","8","0",
"07/25/2016","18:21:43","Step 1","141.62.110.42","GET","im-im2.hdm-stuttgart.de","/fonts/Amsdam.ttf","200","1501","1011","3028","78","197067","196992","","","Wed, 24 Aug 2016 18:21:42 GMT","max-age=2592000","application/x-font-ttf","","3","53","","4529","","","","","","","","","","","20","100","-1","-1","-1","100","-1","-1","-1","-1","-1","0","1","-1","-1","-1","0","0","0","0","0","0","2592000","","","1","","0","0","0","0","0","0","","","","1","313","8","0",
"07/25/2016","18:21:43","Step 1","141.62.110.42","GET","im-im2.hdm-stuttgart.de","/fonts/HdMFrutigerNextPro-Light.woff","200","1502","1500","3029","50","45650","45576","","","Wed, 24 Aug 2016 18:21:42 GMT","max-age=2592000","application/x-font-woff","","3","53","","4531","","","","","","","","","","","21","100","-1","-1","-1","100","-1","-1","-1","-1","-1","0","1","-1","-1","-1","0","0","0","0","0","0","2592000","","","1","","0","0","0","0","0","0","","","","1","313","8","0",
"07/25/2016","18:21:43","Step 1","141.62.110.42","GET","im-im2.hdm-stuttgart.de","/favicon.ico","200","314","314","4572","23","440","318","","","Mon, 01 Aug 2016 18:21:43 GMT","max-age=604800","image/x-icon","","3","53","","4886","","","","","","","","","","","22","100","0","-1","-1","100","-1","-1","-1","-1","-1","0","1","-1","-1","-1","0","0","0","0","0","0","604800","","","1","","0","0","0","0","0","0","","","","1","313","8","0",
"07/25/2016","18:22:06","Step 1","93.184.220.29","POST","ocsp.digicert.com","/","200","314","314","40","444","788","471","","","Mon, 01 Aug 2016 06:22:01 GMT","max-age=509093","application/ocsp-response","","3","18","","354","","","","","","","","","","","1","50","-1","-1","-1","100","-1","-1","-1","-1","-1","0","0","-1","-1","-1","0","0","0","0","0","0","561600","","","1","Edgecast","0","0","0","0","0","0","","","","1","309","9","0",
"07/25/2016","18:22:06","Step 1","93.184.220.29","POST","ocsp.digicert.com","/","200","313","313","330","444","788","471","","","Mon, 01 Aug 2016 06:22:01 GMT","max-age=515182","application/ocsp-response","","3","19","","643","","","","","","","","","","","2","50","-1","-1","-1","100","-1","-1","-1","-1","-1","0","0","-1","-1","-1","0","0","0","0","0","0","561600","","","1","Edgecast","0","0","0","0","0","0","","","","1","309","9","0",
"07/25/2016","18:22:06","Step 1","54.69.136.250","GET","search.services.mozilla.com","/1/firefox/47.0/release/en-US/DE/default/default","200","497","497","355","393","302","169","","","","","application/json","","3","31","","852","","","","","","","","","","","3","0","-1","-1","-1","100","-1","-1","-1","-1","-1","0","1","-1","-1","-1","0","0","0","0","0","0","0","","","1","","0","0","0","0","0","0","","","","3","481","9","0",
"07/25/2016","18:22:06","Step 1","193.174.13.86","POST","ocsp.pca.dfn.de","/OCSP-Server/OCSP","200","348","347","1594","449","1894","1498","","","Thu, 04 Aug 2016 18:22:03 GMT","max-age=864000, public, no-transform, must-revalidate","application/ocsp-response","","3","57","","1942","","","","","","","","","","","4","100","-1","-1","-1","100","-1","-1","-1","-1","-1","0","0","-1","-1","-1","0","0","0","0","0","0","864000","","","1","","962","1270","1270","1594","0","0","","","","1","322","9","0",
"07/25/2016","18:22:06","Step 1","193.174.13.86","POST","ocsp.pca.dfn.de","/OCSP-Server/OCSP","200","353","351","1595","449","1894","1498","","","Thu, 04 Aug 2016 18:22:03 GMT","max-age=864000, public, no-transform, must-revalidate","application/ocsp-response","","3","58","","1948","","","","","","","","","","","5","100","-1","-1","-1","100","-1","-1","-1","-1","-1","0","0","-1","-1","-1","0","0","0","0","0","0","864000","","","1","","0","0","1271","1594","0","0","","","","1","322","9","0",
"07/25/2016","18:22:06","Step 1","141.62.110.42","GET","im-im2.hdm-stuttgart.de","/dozenten.html","200","332","322","1945","172","7083","6930","","","Mon, 25 Jul 2016 19:22:03 GMT","max-age=3600","text/html","gzip","3","53","","2277","","","","","","","","","","","6","50","-1","100","-1","100","-1","-1","-1","-1","-1","0","1","-1","-1","-1","0","0","0","0","0","0","3600","","","1","","0","309","310","623","624","1277","","","","1","313","9","0",
"07/25/2016","18:22:06","Step 1","141.62.110.42","GET","im-im2.hdm-stuttgart.de","/css/style.css","200","321","318","2324","74","1643","1538","","","Tue, 25 Jul 2017 18:22:03 GMT","max-age=31536000","text/css","gzip","3","53","","2645","","","","","","","","","","","7","100","0","100","-1","100","-1","-1","-1","-1","-1","0","1","-1","-1","-1","0","0","0","0","0","0","31536000","","","1","","0","0","0","0","0","0","","","","1","313","9","0",
"07/25/2016","18:22:06","Step 1","141.62.110.42","GET","im-im2.hdm-stuttgart.de","/css/http1/stylehttp1.css","200","326","317","2325","32","4248","4186","","","Tue, 25 Jul 2017 18:22:03 GMT","max-age=31536000","text/css","gzip","3","53","","2651","","","","","","","","","","","8","100","0","100","-1","100","-1","-1","-1","-1","-1","0","1","-1","-1","-1","0","0","0","0","0","0","31536000","","","1","","0","0","0","0","0","0","","","","1","313","9","0",
"07/25/2016","18:22:06","Step 1","141.62.110.42","GET","im-im2.hdm-stuttgart.de","/css/http1/bootstrap.css","200","655","329","2325","32","21300","21237","","","Tue, 25 Jul 2017 18:22:03 GMT","max-age=31536000","text/css","gzip","3","53","","2980","","","","","","","","","","","9","100","0","100","-1","100","-1","-1","-1","-1","-1","0","1","-1","-1","-1","0","0","0","0","0","0","31536000","","","1","","0","0","0","0","0","0","","","","1","313","9","0",
"07/25/2016","18:22:06","Step 1","141.62.110.42","GET","im-im2.hdm-stuttgart.de","/uploads/logos/logo-hdm.png","200","673","672","2325","40","703","605","","","Wed, 24 Aug 2016 18:22:03 GMT","max-age=2592000","image/png","","3","53","","2998","","","","","","","","","","","10","100","0","-1","-1","100","-1","-1","-1","-1","-1","0","1","-1","-1","-1","0","0","0","0","0","0","2592000","","","1","","0","0","0","0","0","0","","","","1","313","9","0",
"07/25/2016","18:22:06","Step 1","141.62.110.42","GET","im-im2.hdm-stuttgart.de","/uploads/sponsoren/united-internet.png","200","676","671","2326","42","9948","9892","","","Wed, 24 Aug 2016 18:22:03 GMT","max-age=2592000","image/png","","3","53","","3002","","","","","","","","","","","11","100","0","-1","-1","100","-1","-1","-1","-1","-1","0","1","-1","-1","-1","0","0","0","0","0","0","2592000","","","1","","0","0","0","0","0","0","","","","1","313","9","0",
"07/25/2016","18:22:06","Step 1","141.62.110.42","GET","im-im2.hdm-stuttgart.de","/uploads/sponsoren/dmc.png","200","685","671","2326","34","2261","2206","","","Wed, 24 Aug 2016 18:22:03 GMT","max-age=2592000","image/png","","3","53","","3011","","","","","","","","","","","12","100","0","-1","-1","100","-1","-1","-1","-1","-1","0","1","-1","-1","-1","0","0","0","0","0","0","2592000","","","1","","0","0","0","0","0","0","","","","1","313","9","0",
"07/25/2016","18:22:06","Step 1","141.62.110.42","GET","im-im2.hdm-stuttgart.de","/uploads/sponsoren/burda.png","200","685","670","2327","35","3939","3884","","","Wed, 24 Aug 2016 18:22:03 GMT","max-age=2592000","image/png","","3","53","","3012","","","","","","","","","","","13","100","0","-1","-1","100","-1","-1","-1","-1","-1","0","1","-1","-1","-1","0","0","0","0","0","0","2592000","","","1","","0","0","0","0","0","0","","","","1","313","9","0",
"07/25/2016","18:22:06","Step 1","141.62.110.42","GET","im-im2.hdm-stuttgart.de","/uploads/sponsoren/vitra.png","200","691","671","2327","35","3483","3428","","","Wed, 24 Aug 2016 18:22:03 GMT","max-age=2592000","image/png","","3","53","","3018","","","","","","","","","","","14","100","0","-1","-1","100","-1","-1","-1","-1","-1","0","1","-1","-1","-1","0","0","0","0","0","0","2592000","","","1","","0","0","0","0","0","0","","","","1","313","9","0",
"07/25/2016","18:22:06","Step 1","141.62.110.42","GET","im-im2.hdm-stuttgart.de","/uploads/sponsoren/ravensburger.png","200","700","700","2328","40","2867","2812","","","Wed, 24 Aug 2016 18:22:03 GMT","max-age=2592000","image/png","","3","53","","3028","","","","","","","","","","","15","100","0","-1","-1","100","-1","-1","-1","-1","-1","0","1","-1","-1","-1","0","0","0","0","0","0","2592000","","","1","","0","0","0","0","0","0","","","","1","313","9","0",
"07/25/2016","18:22:06","Step 1","141.62.110.42","GET","im-im2.hdm-stuttgart.de","/uploads/sponsoren/kresse-discher.png","200","701","700","2328","41","2362","2330","","","Wed, 24 Aug 2016 18:22:03 GMT","max-age=2592000","image/png","","3","53","","3029","","","","","","","","","","","16","100","0","-1","-1","100","-1","-1","-1","-1","-1","0","1","-1","-1","-1","0","0","0","0","0","0","2592000","","","1","","0","0","0","0","0","0","","","","1","313","9","0",
"07/25/2016","18:22:06","Step 1","141.62.110.42","GET","im-im2.hdm-stuttgart.de","/js/jquery.min.js","200","1019","700","2328","28","29982","29902","","","Tue, 25 Jul 2017 18:22:03 GMT","max-age=31536000","application/javascript","gzip","3","53","","3347","","","","","","","","","","","17","100","0","100","-1","100","-1","-1","-1","-1","-1","0","1","-1","-1","-1","0","0","0","0","0","0","31536000","","","1","","0","0","0","0","0","0","","","","1","313","9","0",
"07/25/2016","18:22:06","Step 1","141.62.110.42","GET","im-im2.hdm-stuttgart.de","/js/http1/bootstrap.min.js","200","994","699","2329","34","9826","9765","","","Tue, 25 Jul 2017 18:22:03 GMT","max-age=31536000","application/javascript","gzip","3","53","","3323","","","","","","","","","","","18","100","0","100","-1","100","-1","-1","-1","-1","-1","0","1","-1","-1","-1","0","0","0","0","0","0","31536000","","","1","","0","0","0","0","0","0","","","","1","313","9","0",
"07/25/2016","18:22:06","Step 1","141.62.110.42","GET","im-im2.hdm-stuttgart.de","/uploads/professoren/team-hover.jpg","200","1006","338","3060","81","165606","165493","","","Wed, 24 Aug 2016 18:22:04 GMT","max-age=2592000","image/jpeg","","3","53","","4066","","","","","","","","","","","19","100","0","-1","-1","100","-1","-1","-1","60","-1","0","1","-1","-1","-1","0","0","0","0","165493","65785","2592000","","","1","","0","0","0","0","0","0","","","","1","313","9","0",
"07/25/2016","18:22:06","Step 1","141.62.110.42","GET","im-im2.hdm-stuttgart.de","/fonts/Amsdam.ttf","200","1524","1008","3060","78","197067","196992","","","Wed, 24 Aug 2016 18:22:04 GMT","max-age=2592000","application/x-font-ttf","","3","53","","4584","","","","","","","","","","","20","100","-1","-1","-1","100","-1","-1","-1","-1","-1","0","1","-1","-1","-1","0","0","0","0","0","0","2592000","","","1","","0","0","0","0","0","0","","","","1","313","9","0",
"07/25/2016","18:22:06","Step 1","141.62.110.42","GET","im-im2.hdm-stuttgart.de","/fonts/HdMFrutigerNextPro-Light.woff","200","1524","1523","3061","50","45650","45576","","","Wed, 24 Aug 2016 18:22:04 GMT","max-age=2592000","application/x-font-woff","","3","53","","4585","","","","","","","","","","","21","100","-1","-1","-1","100","-1","-1","-1","-1","-1","0","1","-1","-1","-1","0","0","0","0","0","0","2592000","","","1","","0","0","0","0","0","0","","","","1","313","9","0",
"07/25/2016","18:22:06","Step 1","141.62.110.42","GET","im-im2.hdm-stuttgart.de","/favicon.ico","200","314","314","4622","23","440","318","","","Mon, 01 Aug 2016 18:22:06 GMT","max-age=604800","image/x-icon","","3","53","","4936","","","","","","","","","","","22","100","0","-1","-1","100","-1","-1","-1","-1","-1","0","1","-1","-1","-1","0","0","0","0","0","0","604800","","","1","","0","0","0","0","0","0","","","","1","313","9","0",
